auctions,procedure,method,repetitions,bias,rmse,rmse_exact,coverage,coverage_low,coverage_high,coverage_mcse,mean_interval_length,mean_revenue_regret,missing_root_rate,multiple_root_rate,nonpositive_estimate_rate,mean_wgan_weight
500,Fixed bandwidth,WGAN-DML,10,0.05721836099821599,0.0712819808066121,0.12466225779484492,0.8,0.49015684672072335,0.9433190520193067,0.12649110640673517,0.17796372447840295,0.0014928813008512499,0.0,0.0,0.0,1.0
500,Richardson,WGAN-DML,10,0.12377294460603779,0.1382098412528236,0.1382098412528236,0.5,0.23658959361548731,0.7634104063845126,0.15811388300841897,0.2696991587858191,0.0021679706696423502,0.0,0.0,0.0,1.0
500,Fixed bandwidth,Calibrated WGAN-DML,10,0.025816411980945038,0.045641289125479385,0.09368154376494248,1.0,0.7224598312333834,1.0,0.0,0.1416355445865135,0.0006956274351813573,0.0,0.0,0.0,0.1304349796924862
500,Richardson,Calibrated WGAN-DML,10,0.06971657815167205,0.08972642018219168,0.08972642018219168,0.8,0.49015684672072335,0.9433190520193067,0.12649110640673517,0.2109738065167021,0.0006621778085858443,0.0,0.0,0.0,0.1304349796924862
500,Fixed bandwidth,Empirical-local DML,10,0.024873075593874708,0.04516410475755134,0.09284262948302201,1.0,0.7224598312333834,1.0,0.0,0.13765684929173236,0.000680184516159391,0.0,0.0,0.0,0.0
500,Richardson,Empirical-local DML,10,0.06808041292793925,0.08852221718488663,0.08852221718488663,0.8,0.49015684672072335,0.9433190520193067,0.12649110640673517,0.20398299039051232,0.0006380910370685851,0.0,0.0,0.0,0.0
500,Fixed bandwidth,Smooth plug-in,10,0.01390952865343913,0.03566341874707418,0.08085068297920497,1.0,0.7224598312333834,1.0,0.0,0.1230082950075416,0.00047287672505233686,0.0,0.0,0.0,0.0
500,Richardson,Smooth plug-in,10,0.04943551769181968,0.06975520968247083,0.06975520968247083,0.9,0.5958436145024278,0.9821242504842788,0.09486832980505137,0.18128889693667652,0.0003344366179860626,0.0,0.0,0.0,0.0
2000,Fixed bandwidth,WGAN-DML,10,0.047066307115988186,0.06535649648869113,0.11624697212972901,0.5,0.23658959361548731,0.7634104063845126,0.15811388300841897,0.08962719887612978,0.0012749772201690582,0.0,0.0,0.0,1.0
2000,Richardson,WGAN-DML,10,0.14800692009666333,0.17648196586075854,0.17648196586075854,0.4,0.16817758120350967,0.6873304525498135,0.15491933384829668,0.16791956248434942,0.004587670659107584,0.0,0.0,0.0,1.0
2000,Fixed bandwidth,Calibrated WGAN-DML,10,0.004375107198383,0.01821806559838932,0.06673276145788563,0.9,0.5958436145024278,0.9821242504842788,0.09486832980505137,0.06861503705779451,0.00027765515017839036,0.0,0.0,0.0,0.0361445825096095
2000,Richardson,Calibrated WGAN-DML,10,0.026720839228225553,0.047194753620237416,0.047194753620237416,0.9,0.5958436145024278,0.9821242504842788,0.09486832980505137,0.1485729614094305,0.00012692466040975357,0.0,0.0,0.0,0.0361445825096095
2000,Fixed bandwidth,Empirical-local DML,10,0.0043087255974786996,0.018193763058253373,0.06666644226039975,0.9,0.5958436145024278,0.9821242504842788,0.09486832980505137,0.06801518419330273,0.00027698657251817285,0.0,0.0,0.0,0.0
2000,Richardson,Empirical-local DML,10,0.02642243129586075,0.04701582286801865,0.04701582286801865,0.9,0.5958436145024278,0.9821242504842788,0.09486832980505137,0.14641867480097928,0.0001254421597466491,0.0,0.0,0.0,0.0
2000,Fixed bandwidth,Smooth plug-in,10,0.0018621277400600097,0.016206874542565503,0.0638953149567081,0.9,0.5958436145024278,0.9821242504842788,0.09486832980505137,0.06557197818167285,0.0002483853696978725,0.0,0.0,0.0,0.0
2000,Richardson,Smooth plug-in,10,0.017635931808305392,0.04043236850084515,0.04043236850084515,1.0,0.7224598312333834,1.0,0.0,0.13961923565077428,8.093457375921292e-05,0.0,0.0,0.0,0.0
10000,Fixed bandwidth,WGAN-DML,10,0.037001585177938126,0.04440709148201441,0.1000333980063765,0.3,0.10778928748621183,0.6032267800204347,0.14491376746189438,0.04198470095051985,0.0007818863253087,0.0,0.0,0.0,1.0
10000,Richardson,WGAN-DML,10,0.07475537498719746,0.3064285194688689,0.3064285194688689,0.0,0.0,0.2775401687666166,0.0,0.08978531789352075,0.00376268881079473,0.0,0.5,0.1,1.0
10000,Fixed bandwidth,Calibrated WGAN-DML,10,-0.00193405379109098,0.008033522697574002,0.05855902527605951,1.0,0.7224598312333834,1.0,0.0,0.029373905994810823,0.00019785670556124002,0.0,0.0,0.0,0.0074441687711618
10000,Richardson,Calibrated WGAN-DML,10,-0.003344389267314499,0.017249584294080196,0.017249584294080196,1.0,0.7224598312333834,1.0,0.0,0.10743639291145195,1.0964138403291024e-05,0.0,0.0,0.0,0.0074441687711618
10000,Fixed bandwidth,Empirical-local DML,10,-0.0019403517941393902,0.008033120089068965,0.058552519753227596,1.0,0.7224598312333834,1.0,0.0,0.029314787437834798,0.0001978037649078,0.0,0.0,0.0,0.0
10000,Richardson,Empirical-local DML,10,-0.003385470180727092,0.017272492457520817,0.017272492457520817,1.0,0.7224598312333834,1.0,0.0,0.10693196921174834,1.0983527809882433e-05,0.0,0.0,0.0,0.0
10000,Fixed bandwidth,Smooth plug-in,10,-0.0023776069062951704,0.0077350600753381075,0.058062482592277496,1.0,0.7224598312333834,1.0,0.0,0.02898093555702987,0.00019371453573286,0.0,0.0,0.0,0.0
10000,Richardson,Smooth plug-in,10,-0.007179622359385861,0.022526167847640537,0.022526167847640537,1.0,0.7224598312333834,1.0,0.0,0.10350107844125811,1.668858061629752e-05,0.0,0.0,0.0,0.0
