auctions,repetition,method,procedure,bandwidth,wgan_weight,estimate,standard_error,target,exact_reserve,error_target,error_exact,covers_target,covers_exact,interval_length,revenue_regret,missing_root,multiple_roots,score_residual,jacobian
500,1,WGAN-DML,Fixed bandwidth,0.15,1.0,0.9046845435757116,0.04798972846349,0.8318283572057763,0.7718567076821209,0.0728561863699354,0.1328278358935908,True,False,0.188119735576881,0.0015541566910124,False,False,3.127900072286138e-11,-1.8221368214807752
500,1,WGAN-DML,Richardson,0.15,1.0,0.9150841364098284,0.0692494972802977,0.7718567076821209,0.7718567076821209,0.1432274287277074,0.1432274287277074,False,False,0.2714580293387673,0.0019090013480749,False,False,,
500,1,Calibrated WGAN-DML,Fixed bandwidth,0.15,0.1304349796924862,0.877403502065882,0.0403247308053461,0.8318283572057763,0.7718567076821209,0.0455751448601057,0.1055467943837611,True,False,0.1580729447569567,0.0008438930133098,False,False,-2.8532701534800257e-11,-1.487880053674564
500,1,Calibrated WGAN-DML,Richardson,0.15,0.1304349796924862,0.8701172736477547,0.0581957372386145,0.7718567076821209,0.7718567076821209,0.0982605659656338,0.0982605659656338,True,True,0.228127289975369,0.0007013182282358,False,False,,
500,1,Empirical-local DML,Fixed bandwidth,0.15,0.0,0.8763498600430853,0.0387793658016463,0.8318283572057763,0.7718567076821209,0.044521502837309,0.1044931523609644,True,False,0.1520151139424535,0.0008221567658637,False,False,2.626876494105091e-13,-1.4742367998578576
500,1,Empirical-local DML,Richardson,0.15,0.0,0.868470363264274,0.055587641492083,0.7718567076821209,0.7718567076821209,0.096613655582153,0.096613655582153,True,True,0.2179035546489655,0.0006715320698422,False,False,,
500,1,Smooth plug-in,Fixed bandwidth,0.15,0.0,0.8634779887324607,0.0317478004253015,0.8318283572057763,0.7718567076821209,0.0316496315266844,0.0916212810503398,True,False,0.124451377667182,0.0005864798095283,False,False,3.5603742176704145e-12,-1.4559423438276209
500,1,Smooth plug-in,Richardson,0.15,0.0,0.8484521918725862,0.0441062058281574,0.7718567076821209,0.7718567076821209,0.0765954841904653,0.0765954841904653,True,True,0.1728963268463773,0.0003745040961076,False,False,,
500,2,WGAN-DML,Fixed bandwidth,0.15,1.0,0.9300846279542831,0.0489635537940632,0.8318283572057763,0.7718567076821209,0.0982562707485068,0.1582279202721622,False,False,0.1919371308727278,0.0025154566945173,False,False,2.842170943040401e-17,-1.8689518572049124
500,2,WGAN-DML,Richardson,0.15,1.0,0.9563599452942672,0.0711659484667056,0.7718567076821209,0.7718567076821209,0.1845032376121463,0.1845032376121463,False,False,0.2789705179894861,0.0038847152090129,False,False,,
500,2,Calibrated WGAN-DML,Fixed bandwidth,0.15,0.1304349796924862,0.9132707226766952,0.044579671523572,0.8318283572057763,0.7718567076821209,0.0814423654709187,0.1414140149945741,True,False,0.1747523123724023,0.0018434307403498,False,False,-1.9895196601282808e-16,-1.6370067152675147
500,2,Calibrated WGAN-DML,Richardson,0.15,0.1304349796924862,0.9260017796142352,0.0651234093246615,0.7718567076821209,0.7718567076821209,0.1541450719321142,0.1541450719321142,False,False,0.2552837645526732,0.0023386925263824,False,False,,
500,2,Empirical-local DML,Fixed bandwidth,0.15,0.0,0.9126903484404266,0.0432645592584204,0.8318283572057763,0.7718567076821209,0.0808619912346503,0.1408336407583057,True,False,0.169597072293008,0.0018227823353491,False,False,-2.460254222569347e-16,-1.6344670739103462
500,2,Empirical-local DML,Richardson,0.15,0.0,0.925019961355138,0.0628627833348777,0.7718567076821209,0.7718567076821209,0.1531632536730169,0.1531632536730169,False,False,0.2464221106727206,0.0022975232951341,False,False,,
500,2,Smooth plug-in,Fixed bandwidth,0.15,0.0,0.8785517531934472,0.0356116832772097,0.8318283572057763,0.7718567076821209,0.0467233959876709,0.1066950455113263,True,False,0.1395977984466623,0.0008680237490994,False,False,8.161249454019527e-13,-1.342394936915681
500,2,Smooth plug-in,Richardson,0.15,0.0,0.8697567749808577,0.052688407127138,0.7718567076821209,0.7718567076821209,0.0979000672987367,0.0979000672987367,True,True,0.206538555938381,0.0006947231956677,False,False,,
500,3,WGAN-DML,Fixed bandwidth,0.15,1.0,0.8739824745455048,0.0324138769362648,0.8318283572057763,0.7718567076821209,0.0421541173397285,0.1021257668633839,True,False,0.1270623975901582,0.0007747163140527,False,False,-6.195044477408374e-17,-1.4918383852687445
500,3,WGAN-DML,Richardson,0.15,1.0,0.8784202501884586,0.049660001346785,0.7718567076821209,0.7718567076821209,0.1065635425063377,0.1065635425063377,False,False,0.1946672052793975,0.0008652367732191,False,False,,
500,3,Calibrated WGAN-DML,Fixed bandwidth,0.15,0.1304349796924862,0.8621220521194305,0.0317348078411242,0.8318283572057763,0.7718567076821209,0.0302936949136541,0.0902653444373096,True,False,0.124400446737207,0.0005647025208848,False,False,-3.0877933099304755e-11,-1.3767912761043453
500,3,Calibrated WGAN-DML,Richardson,0.15,0.1304349796924862,0.8594582756826333,0.0477525907294904,0.7718567076821209,0.7718567076821209,0.0876015680005124,0.0876015680005124,True,True,0.1871901556596024,0.0005235123597215,False,False,,
500,3,Empirical-local DML,Fixed bandwidth,0.15,0.0,0.859164884873132,0.0320581306281413,0.8318283572057763,0.7718567076821209,0.0273365276673557,0.0873081771910111,True,False,0.125667872062314,0.0005191026326825,False,False,2.3447910280083307e-16,-1.3567075216460187
500,3,Empirical-local DML,Richardson,0.15,0.0,0.854114525133369,0.0485088906817993,0.7718567076821209,0.7718567076821209,0.0822578174512481,0.0822578174512481,True,True,0.1901548514726533,0.000447032628057,False,False,,
500,3,Smooth plug-in,Fixed bandwidth,0.15,0.0,0.8560853906264315,0.0283926455604395,0.8318283572057763,0.7718567076821209,0.0242570334206552,0.0842286829443106,True,False,0.111299170596923,0.0004743051781688,False,False,-8.286704655802168e-12,-1.355381115207277
500,3,Smooth plug-in,Richardson,0.15,0.0,0.8505954930606012,0.042128924464476,0.7718567076821209,0.7718567076821209,0.0787387853784803,0.0787387853784803,True,True,0.1651453839007459,0.0004009619057077,False,False,,
500,4,WGAN-DML,Fixed bandwidth,0.15,1.0,0.883849063453985,0.0399553529691206,0.8318283572057763,0.7718567076821209,0.0520207062482086,0.111992355771864,True,False,0.156624983638953,0.0009854805548759,False,False,2.7712619754538535e-11,-1.5504598961295102
500,4,WGAN-DML,Richardson,0.15,1.0,0.87941064594596,0.0616457944309484,0.7718567076821209,0.7718567076821209,0.107553938263839,0.107553938263839,True,True,0.2416515141693179,0.0008863789778723,False,False,,
500,4,Calibrated WGAN-DML,Fixed bandwidth,0.15,0.1304349796924862,0.8716220219204275,0.0344901632981884,0.8318283572057763,0.7718567076821209,0.0397936647146511,0.0997653142383065,True,False,0.1352014401288988,0.0007293040854337,False,False,-1.0658141036401505e-17,-1.4183178127228755
500,4,Calibrated WGAN-DML,Richardson,0.15,0.1304349796924862,0.8559386771077085,0.0516076583588288,0.7718567076821209,0.7718567076821209,0.0840819694255876,0.0840819694255876,True,True,0.2023020207666092,0.0004722381208874,False,False,,
500,4,Empirical-local DML,Fixed bandwidth,0.15,0.0,0.8715277495078888,0.0341561225675863,0.8318283572057763,0.7718567076821209,0.0396993923021125,0.0996710418257679,True,False,0.1338920004649384,0.0007275289182262,False,False,-1.3855583347321954e-16,-1.4199629450908269
500,4,Empirical-local DML,Richardson,0.15,0.0,0.855602306385996,0.0508648330762567,0.7718567076821209,0.7718567076821209,0.0837455987038751,0.0837455987038751,True,True,0.1993901456589265,0.0004675208873965,False,False,,
500,4,Smooth plug-in,Fixed bandwidth,0.15,0.0,0.869826154973376,0.033170464987169,0.8318283572057763,0.7718567076821209,0.0379977977675997,0.0979694472912551,True,False,0.1300282227497027,0.0006959893132365,False,False,2.978728375069295e-13,-1.3979675138703351
500,4,Smooth plug-in,Richardson,0.15,0.0,0.8526251286662575,0.0492420164405568,0.7718567076821209,0.7718567076821209,0.0807684209841366,0.0807684209841366,True,True,0.1930287044469827,0.000427128292848,False,False,,
500,5,WGAN-DML,Fixed bandwidth,0.15,1.0,0.854460073943275,0.0435996890995155,0.8318283572057763,0.7718567076821209,0.0226317167374986,0.082603366261154,True,True,0.1709107812701008,0.0004517367968535,False,False,-4.759403537946128e-11,-2.009295837471185
500,5,WGAN-DML,Richardson,0.15,1.0,0.8515586190841786,0.0659944464188636,0.7718567076821209,0.7718567076821209,0.0797019114020577,0.0797019114020577,True,True,0.2586982299619456,0.0004132422814444,False,False,,
500,5,Calibrated WGAN-DML,Fixed bandwidth,0.15,0.1304349796924862,0.8456704874534128,0.0325324550375748,0.8318283572057763,0.7718567076821209,0.0138421302476364,0.0738137797712918,True,False,0.1275272237472933,0.0003419147350309,False,False,6.039613253960852e-17,-1.9148191416174671
500,5,Calibrated WGAN-DML,Richardson,0.15,0.1304349796924862,0.8378744773434537,0.0479165967731747,0.7718567076821209,0.7718567076821209,0.0660177696613327,0.0660177696613327,True,True,0.1878330593508448,0.0002605903183618,False,False,,
500,5,Empirical-local DML,Fixed bandwidth,0.15,0.0,0.8458060201486722,0.0313597803212291,0.8318283572057763,0.7718567076821209,0.0139776629428959,0.0739493124665513,True,False,0.122930338859218,0.0003434576723175,False,False,-5.3290705182007506e-17,-1.906891513262856
500,5,Empirical-local DML,Richardson,0.15,0.0,0.8380318040252124,0.0459555691752648,0.7718567076821209,0.7718567076821209,0.0661750963430914,0.0661750963430914,True,True,0.1801458311670384,0.0002620918170783,False,False,,
500,5,Smooth plug-in,Fixed bandwidth,0.15,0.0,0.8341729356790419,0.0262502164054223,0.8318283572057763,0.7718567076821209,0.0023445784732656,0.062316227996921,True,False,0.1029008483092557,0.0002268494501684,False,False,1.596933696390579e-11,-1.780690265457685
500,5,Smooth plug-in,Richardson,0.15,0.0,0.8175635937040923,0.0368623701044238,0.7718567076821209,0.7718567076821209,0.0457068860219713,0.0457068860219713,True,True,0.1445004908093416,0.000109689775799,False,False,,
500,6,WGAN-DML,Fixed bandwidth,0.15,1.0,0.8605314166114402,0.0349478406599822,0.8318283572057763,0.7718567076821209,0.0287030594056638,0.0886747089293192,True,False,0.1369955353871304,0.0005398552857545,False,False,-1.8474111129762604e-16,-1.529733117685117
500,6,WGAN-DML,Richardson,0.15,1.0,0.849393402658673,0.0533516481844015,0.7718567076821209,0.7718567076821209,0.0775366949765521,0.0775366949765521,True,True,0.2091384608828541,0.0003859760808506,False,False,,
500,6,Calibrated WGAN-DML,Fixed bandwidth,0.15,0.1304349796924862,0.8713123904438095,0.0359187525377777,0.8318283572057763,0.7718567076821209,0.0394840332380331,0.0994556827616885,True,False,0.1408015099480889,0.0007234846668147,False,False,-6.217248937900877e-17,-1.554396993859246
500,6,Calibrated WGAN-DML,Richardson,0.15,0.1304349796924862,0.8661606739313558,0.0529864165538531,0.7718567076821209,0.7718567076821209,0.0943039662492348,0.0943039662492348,True,True,0.2077067528911043,0.0006312175298874,False,False,,
500,6,Empirical-local DML,Fixed bandwidth,0.15,0.0,0.8727534170517596,0.0359696138859945,0.8318283572057763,0.7718567076821209,0.0409250598459832,0.1008967093696386,True,False,0.1410008864330986,0.0007508381884444,False,False,-2.8776980798284063e-16,-1.566211329122531
500,6,Empirical-local DML,Richardson,0.15,0.0,0.868645880311965,0.0527060187788747,0.7718567076821209,0.7718567076821209,0.0967891726298441,0.0967891726298441,True,True,0.2066075936131889,0.0006746651519908,False,False,,
500,6,Smooth plug-in,Fixed bandwidth,0.15,0.0,0.8526764405535857,0.0319569657329788,0.8318283572057763,0.7718567076821209,0.0208480833478094,0.0808197328714648,True,False,0.1252713056732771,0.0004278038004728,False,False,1.850031239314376e-11,-1.3078679855094144
500,6,Smooth plug-in,Richardson,0.15,0.0,0.8317006961244082,0.0466777282921923,0.7718567076821209,0.7718567076821209,0.0598439884422873,0.0598439884422873,True,True,0.182976694905394,0.0002059605672171,False,False,,
500,7,WGAN-DML,Fixed bandwidth,0.15,1.0,0.9290854267560033,0.0570924572106111,0.8318283572057763,0.7718567076821209,0.0972570695502268,0.1572287190738822,True,False,0.2238024322655954,0.0024713593895815,False,False,2.27773711003465e-12,-1.362922109168032
500,7,WGAN-DML,Richardson,0.15,1.0,0.9605685646964208,0.0909695349787278,0.7718567076821209,0.7718567076821209,0.1887118570142999,0.1887118570142999,False,False,0.3566005771166131,0.004144360169231,False,False,,
500,7,Calibrated WGAN-DML,Fixed bandwidth,0.15,0.1304349796924862,0.824227181942983,0.0350193256084693,0.8318283572057763,0.7718567076821209,-0.0076011752627933,0.052370474260862,True,True,0.1372757563851996,0.0001503701927594,False,False,-8.171241461241152e-16,-1.1444630109649625
500,7,Calibrated WGAN-DML,Richardson,0.15,0.1304349796924862,0.7760344051718882,0.0544119959524772,0.7718567076821209,0.7718567076821209,0.0041776974897672,0.0041776974897672,True,True,0.2132950241337109,6.904155382958521e-07,False,False,,
500,7,Empirical-local DML,Fixed bandwidth,0.15,0.0,0.8219546182868651,0.0332759384400688,0.8318283572057763,0.7718567076821209,-0.0098737389189111,0.0500979106047442,True,True,0.1304416786850697,0.0001355972719714,False,False,3.460343123151688e-15,-1.1543853966047737
500,7,Empirical-local DML,Richardson,0.15,0.0,0.7724383997141144,0.0510284759874475,0.7718567076821209,0.7718567076821209,0.0005816920319935,0.0005816920319935,True,True,0.2000316258707943,1.3008648824808232e-08,False,False,,
500,7,Smooth plug-in,Fixed bandwidth,0.15,0.0,0.8134452603733683,0.031383064143345,0.8318283572057763,0.7718567076821209,-0.018383096832408,0.0415885526912473,True,True,0.1230216114419126,8.839107322922146e-05,False,False,-6.217248937900877e-15,-1.0752038229316918
500,7,Smooth plug-in,Richardson,0.15,0.0,0.7537216343184484,0.048918150689767,0.7718567076821209,0.7718567076821209,-0.0181350733636724,-0.0181350733636724,True,True,0.1917591507038868,1.1072834809500163e-05,False,False,,
500,8,WGAN-DML,Fixed bandwidth,0.15,1.0,0.9738215903960952,0.0474611292667267,0.8318283572057763,0.7718567076821209,0.1419932331903187,0.2019648827139741,False,False,0.1860476267255688,0.0050418009650889,False,False,-6.636469151999336e-15,-2.215603245906408
500,8,WGAN-DML,Richardson,0.15,1.0,1.0167179706004803,0.062850498834287,0.7718567076821209,0.7718567076821209,0.2448612629183594,0.2448612629183594,False,False,0.2463739554304053,0.0088796439101013,False,False,,
500,8,Calibrated WGAN-DML,Fixed bandwidth,0.15,0.1304349796924862,0.908276441811136,0.0423851783950222,0.8318283572057763,0.7718567076821209,0.0764480846053596,0.1364197341290151,True,False,0.1661498993084872,0.0016709921529596,False,False,-5.279950698877656e-12,-1.3472621349080427
500,8,Calibrated WGAN-DML,Richardson,0.15,0.1304349796924862,0.9085382079682232,0.0626855165094884,0.7718567076821209,0.7718567076821209,0.1366815002861022,0.1366815002861022,False,False,0.2457272247171945,0.0016797384855911,False,False,,
500,8,Empirical-local DML,Fixed bandwidth,0.15,0.0,0.9060561741252656,0.0406979043114415,0.8318283572057763,0.7718567076821209,0.0742278169194892,0.1341994664431446,True,False,0.159535784900851,0.0015980768780325,False,False,-1.9895196601282808e-16,-1.3185379884895454
500,8,Empirical-local DML,Richardson,0.15,0.0,0.904361831279329,0.0603099454126764,0.7718567076821209,0.7718567076821209,0.1325051235972081,0.1325051235972081,False,False,0.2364149860176916,0.0015439463172561,False,False,,
500,8,Smooth plug-in,Fixed bandwidth,0.15,0.0,0.8961881215310614,0.0381986752524915,0.8318283572057763,0.7718567076821209,0.0643597643252851,0.1243314138489405,True,False,0.149738806989767,0.0013005878815557,False,False,-2.4849011737160258e-12,-1.2204516654523712
500,8,Smooth plug-in,Richardson,0.15,0.0,0.8881765406577597,0.0566240039275277,0.7718567076821209,0.7718567076821209,0.1163198329756388,0.1163198329756388,False,False,0.2219660953959089,0.0010891784485245,False,False,,
500,9,WGAN-DML,Fixed bandwidth,0.15,1.0,0.8517241110290416,0.0536286959249224,0.8318283572057763,0.7718567076821209,0.0198957538232652,0.0798674033469206,True,True,0.210224488025696,0.0004153771690049,False,False,1.9895196601282808e-16,-1.0473029728575154
500,9,WGAN-DML,Richardson,0.15,1.0,0.8309899249652878,0.0878240547469805,0.7718567076821209,0.7718567076821209,0.0591332172831668,0.0591332172831668,True,True,0.3442702946081636,0.0002001918779666,False,False,,
500,9,Calibrated WGAN-DML,Fixed bandwidth,0.15,0.1304349796924862,0.8083405923998539,0.0335059687475669,0.8318283572057763,0.7718567076821209,-0.0234877648059224,0.036483884717733,True,True,0.1313433974904623,6.576115737244592e-05,False,False,-2.3767654511175353e-15,-1.151461442083015
500,9,Calibrated WGAN-DML,Richardson,0.15,0.1304349796924862,0.7566099281952692,0.0513996544240999,0.7718567076821209,0.7718567076821209,-0.0152467794868517,-0.0152467794868517,True,True,0.2014866453424716,7.994540306421882e-06,False,False,,
500,9,Empirical-local DML,Fixed bandwidth,0.15,0.0,0.8072567053181391,0.0322228775832816,0.8318283572057763,0.7718567076821209,-0.0245716518876372,0.0353999976360182,True,True,0.126313680126464,6.146590074895819e-05,False,False,2.55440113505756e-15,-1.1638469112302552
500,9,Empirical-local DML,Richardson,0.15,0.0,0.7552487035380601,0.0489323268559809,0.7718567076821209,0.7718567076821209,-0.0166080041440608,-0.0166080041440608,True,True,0.1918147212754452,9.3914616756674e-06,False,False,,
500,9,Smooth plug-in,Fixed bandwidth,0.15,0.0,0.802886250981844,0.0299555508880916,0.8318283572057763,0.7718567076821209,-0.0289421062239323,0.031029543299723,True,True,0.1174257594813193,4.5861528641832905e-05,False,False,-4.773959005888173e-15,-1.1692184597605904
500,9,Smooth plug-in,Richardson,0.15,0.0,0.7476542469707209,0.0457407272507785,0.7718567076821209,0.7718567076821209,-0.0242024607113999,-0.0242024607113999,True,True,0.1793036508230518,1.885555174929721e-05,False,False,,
500,10,WGAN-DML,Fixed bandwidth,0.15,1.0,0.8282438537745838,0.0479367687324535,0.8318283572057763,0.7718567076821209,-0.0035845034311925,0.0563871460924628,True,True,0.187912133431218,0.0001788731477709,False,False,-3.2081004519568524e-15,-1.645465189589865
500,10,WGAN-DML,Richardson,0.15,1.0,0.8177930630380323,0.0752966334390921,0.7718567076821209,0.7718567076821209,0.0459363553559114,0.0459363553559114,True,True,0.2951628030812411,0.0001109600686504,False,False,,
500,10,Calibrated WGAN-DML,Fixed bandwidth,0.15,0.1304349796924862,0.7942022990335836,0.0308241109668721,0.8318283572057763,0.7718567076821209,-0.0376260581721926,0.0223455913514627,True,True,0.1208305149901388,2.242108689842759e-05,False,False,-2.451891178978371e-11,-1.4735292023668634
500,10,Calibrated WGAN-DML,Richardson,0.15,0.1304349796924862,0.7589991596754081,0.0461189101473065,0.7718567076821209,0.7718567076821209,-0.0128575480067127,-0.0128575480067127,True,True,0.1807861277774416,5.785560946325319e-06,False,False,,
500,10,Empirical-local DML,Fixed bandwidth,0.15,0.0,0.7934545502012759,0.0293811390688542,0.8318283572057763,0.7718567076821209,-0.0383738070045004,0.0215978425191549,True,True,0.1151740651499085,2.0838597957650865e-05,False,False,-6.09290395914286e-16,-1.4660554533955137
500,10,Empirical-local DML,Richardson,0.15,0.0,0.757437431093144,0.0436082866091069,0.7718567076821209,0.7718567076821209,-0.0144192765889769,-0.0144192765889769,True,True,0.1709444835076994,7.1937336063587765e-06,False,False,,
500,10,Smooth plug-in,Fixed bandwidth,0.15,0.0,0.7900685619475376,0.0271296042651567,0.8318283572057763,0.7718567076821209,-0.0417597952582387,0.0182118542654167,True,True,0.1063480487194145,1.4475466422414485e-05,False,False,-3.402400583496501e-11,-1.5039799415800248
500,10,Smooth plug-in,Richardson,0.15,0.0,0.7526759533836738,0.0394831417338507,0.7718567076821209,0.7718567076821209,-0.0191807542984471,-0.0191807542984471,True,True,0.154773915596695,1.2291511430229107e-05,False,False,,
2000,1,WGAN-DML,Fixed bandwidth,0.15,1.0,0.8940576341347762,0.0264057537164306,0.8318283572057763,0.7718567076821209,0.0622292769289999,0.1222009264526553,False,False,0.103510554568408,0.0012418276235914,False,False,-4.245492846166598e-16,-1.4646076914906558
2000,1,WGAN-DML,Richardson,0.1136787424882798,1.0,0.965095151363621,0.0485033685191602,0.7718567076821209,0.7718567076821209,0.1932384436815001,0.1932384436815001,False,False,0.1901332045951082,0.0044370159067952,False,False,,
2000,1,Calibrated WGAN-DML,Fixed bandwidth,0.15,0.0361445825096095,0.8362357374842159,0.018108554771954,0.8318283572057763,0.7718567076821209,0.0044073802784395,0.0643790298020949,True,False,0.0709855347060599,0.0002452809272956,False,False,1.509903313490213e-17,-1.277280275681738
2000,1,Calibrated WGAN-DML,Richardson,0.1136787424882798,0.0361445825096095,0.7820038372607266,0.0396957920563028,0.7718567076821209,0.7718567076821209,0.0101471295786057,0.0101471295786057,True,True,0.1556075048607071,4.2484448934398955e-06,False,False,,
2000,1,Empirical-local DML,Fixed bandwidth,0.15,0.0,0.8362887845409616,0.0179072439559649,0.8318283572057763,0.7718567076821209,0.0044604273351852,0.0644320768588406,True,False,0.0701963963073827,0.000245766926338,False,False,1.758593271006248e-16,-1.2769449228401484
2000,1,Empirical-local DML,Richardson,0.1136787424882798,0.0,0.782002510994414,0.0389449693193116,0.7718567076821209,0.7718567076821209,0.010145803312293,0.010145803312293,True,True,0.1526642797317016,4.247298993176329e-06,False,False,,
2000,1,Smooth plug-in,Fixed bandwidth,0.15,0.0,0.8362819031098203,0.0179096482194449,0.8318283572057763,0.7718567076821209,0.004453545904044,0.0644251954276994,True,False,0.070205821020224,0.0002457038810126,False,False,-1.1102230246251563e-16,-1.2661096265870198
2000,1,Smooth plug-in,Richardson,0.1136787424882798,0.0,0.7805361343675083,0.0385536903303938,0.7718567076821209,0.7718567076821209,0.0086794266853874,0.0086794266853874,True,True,0.151130466095144,3.07643588315365e-06,False,False,,
2000,2,WGAN-DML,Fixed bandwidth,0.15,1.0,0.9162876418150516,0.0237050557218657,0.8318283572057763,0.7718567076821209,0.0844592846092753,0.1444309341329307,False,False,0.0929238184297136,0.001953407476235,False,False,6.570577415487832e-16,-1.877786175047331
2000,2,WGAN-DML,Richardson,0.1136787424882798,1.0,1.0060528249341056,0.0303807607761563,0.7718567076821209,0.7718567076821209,0.2341961172519847,0.2341961172519847,False,False,0.1190925822425328,0.0077813182893982,False,False,,
2000,2,Calibrated WGAN-DML,Fixed bandwidth,0.15,0.0361445825096095,0.84989557318202,0.018090632399843,0.8318283572057763,0.7718567076821209,0.0180672159762437,0.0780388654998991,True,False,0.0709152790073846,0.0003921905877091,False,False,2.522151376638249e-13,-1.3483396968292904
2000,2,Calibrated WGAN-DML,Richardson,0.1136787424882798,0.0361445825096095,0.8385652263664347,0.0411487427561853,0.7718567076821209,0.7718567076821209,0.0667085186843138,0.0667085186843138,True,True,0.1613030716042466,0.000267223833485,False,False,,
2000,2,Empirical-local DML,Fixed bandwidth,0.15,0.0,0.8496358637126536,0.0177959413076208,0.8318283572057763,0.7718567076821209,0.0178075065068773,0.0777791560305327,True,False,0.0697600899258736,0.0003889686371822,False,False,2.7845192818176657e-12,-1.348854296710309
2000,2,Empirical-local DML,Richardson,0.1136787424882798,0.0,0.8380700273255627,0.0401223391904538,0.7718567076821209,0.7718567076821209,0.0662133196434417,0.0662133196434417,True,True,0.1572795696265789,0.0002624573355547,False,False,,
2000,2,Smooth plug-in,Fixed bandwidth,0.15,0.0,0.8469978215840986,0.0171950566120516,0.8318283572057763,0.7718567076821209,0.0151694643783223,0.0751411139019777,True,False,0.0674046219192424,0.0003572221512688,False,False,1.1102230246251563e-16,-1.3509477907552858
2000,2,Smooth plug-in,Richardson,0.1136787424882798,0.0,0.8280184420472748,0.037256415212103,0.7718567076821209,0.7718567076821209,0.0561617343651539,0.0561617343651539,True,True,0.1460451476314438,0.0001771903230338,False,False,,
2000,3,WGAN-DML,Fixed bandwidth,0.15,1.0,0.8089271126337405,0.0193904132857622,0.8318283572057763,0.7718567076821209,-0.0229012445720357,0.0370704049516196,True,True,0.0760104200801878,6.815814190708203e-05,False,False,-2.135180920959101e-15,-1.35876327696316
2000,3,WGAN-DML,Richardson,0.1136787424882798,1.0,0.7648162415802554,0.0448115563379435,0.7718567076821209,0.7718567076821209,-0.0070404661018654,-0.0070404661018654,True,True,0.1756613008447386,1.8095917040383824e-06,False,False,,
2000,3,Calibrated WGAN-DML,Fixed bandwidth,0.15,0.0361445825096095,0.7985401316043284,0.0141934068172901,0.8318283572057763,0.7718567076821209,-0.0332882256014479,0.0266834239222074,False,True,0.0556381547237775,3.2931511248834866e-05,False,False,-4.3671732896655156e-15,-1.3939714676370316
2000,3,Calibrated WGAN-DML,Richardson,0.1136787424882798,0.0361445825096095,0.7380882189234855,0.0264009213369542,0.7718567076821209,0.7718567076821209,-0.0337684887586353,-0.0337684887586353,True,True,0.1034916116408607,3.416848324810928e-05,False,False,,
2000,3,Empirical-local DML,Fixed bandwidth,0.15,0.0,0.798504806125345,0.0141193856906522,0.8318283572057763,0.7718567076821209,-0.0333235510804312,0.0266480984432241,False,True,0.0553479919073569,3.283640213824768e-05,False,False,-4.604761016935299e-15,-1.3930956923618942
2000,3,Empirical-local DML,Richardson,0.1136787424882798,0.0,0.7377154423101436,0.0261728725401219,0.7718567076821209,0.7718567076821209,-0.0341412653719772,-0.0341412653719772,True,True,0.102597660357278,3.482891546546796e-05,False,False,,
2000,3,Smooth plug-in,Fixed bandwidth,0.15,0.0,0.7976903253737515,0.0138723245878872,0.8318283572057763,0.7718567076821209,-0.0341380318320247,0.0258336176916306,False,True,0.0543795123845181,3.0689444391107656e-05,False,False,-7.216449660063518e-15,-1.3865791289263685
2000,3,Smooth plug-in,Richardson,0.1136787424882798,0.0,0.7318418522963299,0.0244796933407955,0.7718567076821209,0.7718567076821209,-0.0400148553857909,-0.0400148553857909,True,True,0.0959603978959185,4.5760195361399525e-05,False,False,,
2000,4,WGAN-DML,Fixed bandwidth,0.15,1.0,0.8488579981277296,0.0188522784697615,0.8318283572057763,0.7718567076821209,0.0170296409219532,0.0770012904456086,True,False,0.0739009316014654,0.0003794223647681,False,False,8.791288419462972e-12,-1.2222895545362105
2000,4,WGAN-DML,Richardson,0.1136787424882798,1.0,0.836845251443443,0.063245213771663,0.7718567076821209,0.7718567076821209,0.0649885437613221,0.0649885437613221,True,True,0.2479212379849193,0.0002509053749568,False,False,,
2000,4,Calibrated WGAN-DML,Fixed bandwidth,0.15,0.0361445825096095,0.8349174990489246,0.0169246137320055,0.8318283572057763,0.7718567076821209,0.0030891418431483,0.0630607913668037,True,False,0.0663444858294619,0.0002333956484656,False,False,-8.484235536343476e-14,-1.123390352023197
2000,4,Calibrated WGAN-DML,Richardson,0.1136787424882798,0.0361445825096095,0.7537824579838106,0.0468027536119079,0.7718567076821209,0.7718567076821209,-0.0180742496983102,-0.0180742496983102,True,True,0.183466794158679,1.1003644538210011e-05,False,False,,
2000,4,Empirical-local DML,Fixed bandwidth,0.15,0.0,0.8346605596404545,0.0168988801199404,0.8318283572057763,0.7718567076821209,0.0028322024346781,0.0628038519583336,True,False,0.0662436100701663,0.0002311231634029,False,False,-1.2744774124939797e-12,-1.1234180521007089
2000,4,Empirical-local DML,Richardson,0.1136787424882798,0.0,0.7531631952856463,0.0463300745457482,0.7718567076821209,0.7718567076821209,-0.0186935123964745,-0.0186935123964745,True,True,0.1816138922193331,1.1716984065657243e-05,False,False,,
2000,4,Smooth plug-in,Fixed bandwidth,0.15,0.0,0.8354404517603766,0.0162764887020527,0.8318283572057763,0.7718567076821209,0.0036120945546003,0.0635837440782557,True,False,0.0638038357120468,0.000238065232236,False,False,1.1102230246251563e-16,-1.1151460267011526
2000,4,Smooth plug-in,Richardson,0.1136787424882798,0.0,0.7434492134194381,0.0458245063466783,0.7718567076821209,0.7718567076821209,-0.0284074942626827,-0.0284074942626827,True,True,0.179632064878979,2.517458923190219e-05,False,False,,
2000,5,WGAN-DML,Fixed bandwidth,0.15,1.0,0.9155584755635094,0.025189698820612,0.8318283572057763,0.7718567076821209,0.0837301183577331,0.1437017678813885,False,False,0.0987436193767993,0.001926417625268,False,False,2.433608869978343e-16,-1.7386771560551306
2000,5,WGAN-DML,Richardson,0.1136787424882798,1.0,0.986533462972242,0.034561500840807,0.7718567076821209,0.7718567076821209,0.2146767552901211,0.2146767552901211,False,False,0.1354810832959636,0.0060234522731512,False,False,,
2000,5,Calibrated WGAN-DML,Fixed bandwidth,0.15,0.0361445825096095,0.850127923775055,0.0186172691556858,0.8318283572057763,0.7718567076821209,0.0182995665692786,0.078271216092934,True,False,0.0729796950902885,0.0003950883697736,False,False,1.1381730224968578e-11,-1.3151905709695908
2000,5,Calibrated WGAN-DML,Richardson,0.1136787424882798,0.0361445825096095,0.8292752884378676,0.0369183838609005,0.7718567076821209,0.7718567076821209,0.0574185807557466,0.0574185807557466,True,True,0.1447200647347302,0.0001867020569346,False,False,,
2000,5,Empirical-local DML,Fixed bandwidth,0.15,0.0,0.8500422428726641,0.0183272315354561,0.8318283572057763,0.7718567076821209,0.0182138856668877,0.0781855351905431,True,False,0.0718427476189881,0.0003940182188604,False,False,-6.055812296068553e-12,-1.3143508725098574
2000,5,Empirical-local DML,Richardson,0.1136787424882798,0.0,0.8289663982188502,0.0360743245198173,0.7718567076821209,0.7718567076821209,0.0571096905367293,0.0571096905367293,True,True,0.141411352117684,0.0001843351830943,False,False,,
2000,5,Smooth plug-in,Fixed bandwidth,0.15,0.0,0.8481175042794312,0.018130920615032,0.8318283572057763,0.7718567076821209,0.0162891470736549,0.0762607965973103,True,False,0.0710732088109254,0.0003704794766965,False,False,-2.220446049250313e-16,-1.3070559305355944
2000,5,Smooth plug-in,Richardson,0.1136787424882798,0.0,0.8242826893098898,0.0351969651736171,0.7718567076821209,0.7718567076821209,0.0524259816277689,0.0524259816277689,True,True,0.137972103480579,0.000150742962331,False,False,,
2000,6,WGAN-DML,Fixed bandwidth,0.15,1.0,0.848497868266834,0.0229743971541674,0.8318283572057763,0.7718567076821209,0.0166695110610577,0.0766411605847131,True,False,0.0900596368443363,0.000375055440327,False,False,-1.2665424264923785e-15,-1.5564742149657418
2000,6,WGAN-DML,Richardson,0.1136787424882798,1.0,0.8556378852424572,0.0555218409879774,0.7718567076821209,0.7718567076821209,0.0837811775603363,0.0837811775603363,True,True,0.2176456166728714,0.0004680184487799,False,False,,
2000,6,Calibrated WGAN-DML,Fixed bandwidth,0.15,0.0361445825096095,0.8280433146083542,0.0172982633125197,0.8318283572057763,0.7718567076821209,-0.003785042597422,0.0561866069262333,True,False,0.0678091921850774,0.0001773755816241,False,False,-1.3775647289548942e-15,-1.4586768853439436
2000,6,Calibrated WGAN-DML,Richardson,0.1136787424882798,0.0361445825096095,0.7848708747129257,0.0396702244138501,0.7718567076821209,0.7718567076821209,0.0130141670308048,0.0130141670308048,True,True,0.1555072797022925,7.129996212995593e-06,False,False,,
2000,6,Empirical-local DML,Fixed bandwidth,0.15,0.0,0.8280192465465387,0.0171295436076161,0.8318283572057763,0.7718567076821209,-0.0038091106592376,0.0561625388644178,True,False,0.0671478109418551,0.0001771963151953,False,False,-1.311839525897085e-15,-1.4584057471847565
2000,6,Empirical-local DML,Richardson,0.1136787424882798,0.0,0.7847469990207497,0.038943572548011,0.7718567076821209,0.7718567076821209,0.0128902913386288,0.0128902913386288,True,True,0.1526588043882032,6.988842918831395e-06,False,False,,
2000,6,Smooth plug-in,Fixed bandwidth,0.15,0.0,0.8272456677770641,0.0164359809401342,0.8318283572057763,0.7718567076821209,-0.0045826894287122,0.0553889600949432,True,False,0.0644290452853264,0.0001714975767836,False,False,1.2212453270876722e-15,-1.468135621210398
2000,6,Smooth plug-in,Richardson,0.1136787424882798,0.0,0.7837106627870961,0.0367290843443993,0.7718567076821209,0.7718567076821209,0.0118539551049752,0.0118539551049752,True,True,0.1439780106300455,5.8675771439364866e-06,False,False,,
2000,7,WGAN-DML,Fixed bandwidth,0.15,1.0,0.885772121197878,0.0272496018684761,0.8318283572057763,0.7718567076821209,0.0539437639921016,0.113915413515757,False,False,0.1068184393244263,0.001030682340545,False,False,-6.039613253960852e-17,-1.4502561365485442
2000,7,WGAN-DML,Richardson,0.1136787424882798,1.0,0.9738839535851356,0.0462208220673885,0.7718567076821209,0.7718567076821209,0.2020272459030148,0.2020272459030148,False,False,0.1811856225041632,0.0050463212816522,False,False,,
2000,7,Calibrated WGAN-DML,Fixed bandwidth,0.15,0.0361445825096095,0.8148878463075522,0.0156789937355205,0.8318283572057763,0.7718567076821209,-0.0169405108982241,0.0430311386254312,True,False,0.0614616554432404,9.553236603276892e-05,False,False,8.992557809506253e-13,-1.2656660712221068
2000,7,Calibrated WGAN-DML,Richardson,0.1136787424882798,0.0361445825096095,0.752993154423818,0.0366757885629879,0.7718567076821209,0.7718567076821209,-0.0188635532583029,-0.0188635532583029,True,True,0.1437690911669127,1.19161782656807e-05,False,False,,
2000,7,Empirical-local DML,Fixed bandwidth,0.15,0.0,0.8148038952992973,0.0154627868907632,0.8318283572057763,0.7718567076821209,-0.0170244619064789,0.0429471876171764,True,False,0.060614124611792,9.510737473528152e-05,False,False,2.6579272116578067e-12,-1.2663138429968337
2000,7,Empirical-local DML,Richardson,0.1136787424882798,0.0,0.7527676123124447,0.0358077197415977,0.7718567076821209,0.7718567076821209,-0.0190890953696761,-0.0190890953696761,True,True,0.1403662613870631,1.218254604595792e-05,False,False,,
2000,7,Smooth plug-in,Fixed bandwidth,0.15,0.0,0.8126228491898534,0.0148627488341989,0.8318283572057763,0.7718567076821209,-0.0192055080159229,0.0407661415077325,True,False,0.0582619754300598,8.447005540501706e-05,False,False,-5.551115123125784e-16,-1.2695035969401136
2000,7,Smooth plug-in,Richardson,0.1136787424882798,0.0,0.7432912297966726,0.0332848948794216,0.7718567076821209,0.7718567076821209,-0.0285654778854482,-0.0285654778854482,True,True,0.1304767879273329,2.542532601679248e-05,False,False,,
2000,8,WGAN-DML,Fixed bandwidth,0.15,1.0,0.8413922334330105,0.0156916510254693,0.8318283572057763,0.7718567076821209,0.0095638762272342,0.0695355257508896,True,False,0.0615112720198397,0.0002955109345526,False,False,-1.0658141036401501e-16,-1.456637727363761
2000,8,WGAN-DML,Richardson,0.1136787424882798,1.0,0.831218227202773,0.0385153860973836,0.7718567076821209,0.7718567076821209,0.0593615195206521,0.0593615195206521,True,True,0.150980313501744,0.0002020335565657,False,False,,
2000,8,Calibrated WGAN-DML,Fixed bandwidth,0.15,0.0361445825096095,0.8544048761119757,0.0185608143219072,0.8318283572057763,0.7718567076821209,0.0225765189061993,0.0825481684298548,True,False,0.0727583921418766,0.000450983159923,False,False,4.007791432059094e-12,-1.376759808208918
2000,8,Calibrated WGAN-DML,Richardson,0.1136787424882798,0.0361445825096095,0.8408205425081376,0.0445086183928701,0.7718567076821209,0.7718567076821209,0.0689638348260167,0.0689638348260167,True,True,0.1744737841000507,0.0002896413002067,False,False,,
2000,8,Empirical-local DML,Fixed bandwidth,0.15,0.0,0.8549599105363447,0.0187724057404911,0.8318283572057763,0.7718567076821209,0.0231315533305683,0.0831032028542237,True,False,0.0735878305027252,0.0004585995101127,False,False,2.1218582446635992e-14,-1.372707251105467
2000,8,Empirical-local DML,Richardson,0.1136787424882798,0.0,0.8410771136782498,0.0450914265011551,0.7718567076821209,0.7718567076821209,0.0692204059961288,0.0692204059961288,True,True,0.1767583918845282,0.0002922660472788,False,False,,
2000,8,Smooth plug-in,Fixed bandwidth,0.15,0.0,0.8468014662939751,0.0166540176464182,0.8318283572057763,0.7718567076821209,0.0149731090881988,0.0749447586118542,True,False,0.0652837491739596,0.0003549299466558,False,False,0.0,-1.3815357134239203
2000,8,Smooth plug-in,Richardson,0.1136787424882798,0.0,0.8265551255265937,0.0380431486025164,0.7718567076821209,0.7718567076821209,0.0546984178444728,0.0546984178444728,True,True,0.1491291425218645,0.000166509492069,False,False,,
2000,9,WGAN-DML,Fixed bandwidth,0.15,1.0,0.9732637279223458,0.0280364235202958,0.8318283572057763,0.7718567076821209,0.1414353707165695,0.2014070202402249,False,False,0.1099027801995596,0.0050014986667319,False,False,-2.4797941478027495e-14,-2.1523203076658604
2000,9,WGAN-DML,Richardson,0.1136787424882798,1.0,1.0965375355373257,0.0301076532801794,0.7718567076821209,0.7718567076821209,0.3246808278552046,0.3246808278552046,False,False,0.1180220008583033,0.0207221588641,False,False,,
2000,9,Calibrated WGAN-DML,Fixed bandwidth,0.15,0.0361445825096095,0.8579544175075324,0.019944741732831,0.8318283572057763,0.7718567076821209,0.0261260603017561,0.0860977098254115,True,False,0.0781833875926975,0.0005011718928991,False,False,-2.3341328869719292e-15,-1.5140442934140628
2000,9,Calibrated WGAN-DML,Richardson,0.1136787424882798,0.0361445825096095,0.8444029948282796,0.0368037578383231,0.7718567076821209,0.7718567076821209,0.0725462871461587,0.0725462871461587,False,False,0.1442707307262267,0.0003277048226619,False,False,,
2000,9,Empirical-local DML,Fixed bandwidth,0.15,0.0,0.8574553647334653,0.0196178572385358,0.8318283572057763,0.7718567076821209,0.0256270075276889,0.0855986570513444,True,False,0.0769020003750606,0.0004939014585414,False,False,2.62545540863357e-15,-1.5119630200950596
2000,9,Empirical-local DML,Richardson,0.1136787424882798,0.0,0.8433375695359354,0.036178702102918,0.7718567076821209,0.7718567076821209,0.0714808618538145,0.0714808618538145,False,False,0.1418205122434385,0.0003160638316341,False,False,,
2000,9,Smooth plug-in,Fixed bandwidth,0.15,0.0,0.849007343774489,0.0185647915856933,0.8318283572057763,0.7718567076821209,0.0171789865687127,0.0771506360923681,True,False,0.0727739830159181,0.000381243036764,False,False,-1.5825785126821756e-11,-1.4135562567002546
2000,9,Smooth plug-in,Richardson,0.1136787424882798,0.0,0.8149448912971442,0.0368675559517181,0.7718567076821209,0.7718567076821209,0.0430881836150233,0.0430881836150233,True,True,0.1445208193307353,9.582184149814488e-05,False,False,,
2000,10,WGAN-DML,Fixed bandwidth,0.15,1.0,0.8563318301227694,0.0211455398766739,0.8318283572057763,0.7718567076821209,0.024503472916993,0.0844751224406484,True,False,0.082890516316562,0.0004777915877645,False,False,9.139355938714288e-16,-1.6427680939066034
2000,10,WGAN-DML,Richardson,0.1136787424882798,1.0,0.8820157439264837,0.0364981281487627,0.7718567076821209,0.7718567076821209,0.1101590362443628,0.1101590362443628,False,False,0.1430726623431497,0.0009436730039726,False,False,,
2000,10,Calibrated WGAN-DML,Fixed bandwidth,0.15,0.0361445825096095,0.8370273244116349,0.0176210698617553,0.8318283572057763,0.7718567076821209,0.0051989672058585,0.0651706167295139,True,False,0.0690745938580808,0.0002526014568122,False,False,7.793765632868598e-16,-1.4449713288811972
2000,10,Calibrated WGAN-DML,Richardson,0.1136787424882798,0.0361445825096095,0.8209728736579786,0.0303876738264282,0.7718567076821209,0.7718567076821209,0.0491161659758576,0.0491161659758576,True,True,0.1191196813995987,0.0001295078436509,False,False,,
2000,10,Empirical-local DML,Fixed bandwidth,0.15,0.0,0.8370001540248255,0.0174768468550579,0.8318283572057763,0.7718567076821209,0.0051717968190492,0.0651434463427046,True,False,0.0685092396718269,0.0002523477186753,False,False,7.971401316808625e-16,-1.4450325677119125
2000,10,Empirical-local DML,Richardson,0.1136787424882798,0.0,0.8209445210978201,0.0298510265443837,0.7718567076821209,0.7718567076821209,0.0490878134156992,0.0490878134156992,True,True,0.1170160240539844,0.0001293346124155,False,False,,
2000,10,Smooth plug-in,Fixed bandwidth,0.15,0.0,0.8366995163155032,0.0173734768021704,0.8318283572057763,0.7718567076821209,0.0048711591097269,0.0648428086333823,True,False,0.068104029064508,0.0002495528957653,False,False,3.3306690738754696e-16,-1.4294464183783884
2000,10,Smooth plug-in,Richardson,0.1136787424882798,0.0,0.8182961540563152,0.0299355653356378,0.7718567076821209,0.7718567076821209,0.0464394463741942,0.0464394463741942,True,True,0.1173474161157004,0.000113776995023,False,False,,
10000,1,WGAN-DML,Fixed bandwidth,0.15,1.0,0.9101417845208164,0.0115819335160902,0.8318283572057763,0.7718567076821209,0.0783134273150401,0.1382850768386955,False,False,0.0454011793830735,0.0017340171583486,False,False,-1.0231815394945441e-16,-1.5350422667762018
10000,1,WGAN-DML,Richardson,0.0823920407479588,1.0,-0.0314432829955853,0.0140124535139158,0.7718567076821209,0.7718567076821209,-0.8032999906777062,-0.8032999906777062,False,False,0.05492881777455,0.0003469037554337,False,True,,
10000,1,Calibrated WGAN-DML,Fixed bandwidth,0.15,0.0074441687711618,0.8469060187663796,0.0081412226354654,0.8318283572057763,0.7718567076821209,0.0150776615606033,0.0750493110842587,True,False,0.0319135927310246,0.0003561493148889,False,False,6.171729793891245e-17,-1.206254452984193
10000,1,Calibrated WGAN-DML,Richardson,0.0823920407479588,0.0074441687711618,0.7885725758729746,0.0321836808570476,0.7718567076821209,0.7718567076821209,0.0167158681908536,0.0167158681908536,True,True,0.1261600289596266,1.206947461862562e-05,False,False,,
10000,1,Empirical-local DML,Fixed bandwidth,0.15,0.0,0.8469018710499765,0.0081180207625792,0.8318283572057763,0.7718567076821209,0.0150735138442001,0.0750451633678556,True,False,0.0318226413893107,0.0003561008572396,False,False,1.4979129048242612e-16,-1.2063613142575609
10000,1,Empirical-local DML,Richardson,0.0823920407479588,0.0,0.7886269436589484,0.0320161749254488,0.7718567076821209,0.7718567076821209,0.0167702359768274,0.0167702359768274,True,True,0.1255034057077595,1.215260573417254e-05,False,False,,
10000,1,Smooth plug-in,Fixed bandwidth,0.15,0.0,0.8465929601796863,0.0080650833625381,0.8318283572057763,0.7718567076821209,0.01476460297391,0.0747362524975654,True,False,0.0316151267811496,0.0003525063754805,False,False,2.220446049250313e-16,-1.2098189297055084
10000,1,Smooth plug-in,Richardson,0.0823920407479588,0.0,0.7912185717933977,0.0319365210268979,0.7718567076821209,0.7718567076821209,0.0193618641112768,0.0193618641112768,True,True,0.1251911624254399,1.6491535299811844e-05,False,False,,
10000,2,WGAN-DML,Fixed bandwidth,0.15,1.0,0.8677104192885714,0.0109237616136771,0.8318283572057763,0.7718567076821209,0.035882062082795,0.0958537116064505,False,False,0.0428211455256144,0.0006580815361731,False,False,-1.054445419867989e-15,-1.4623770719488718
10000,2,WGAN-DML,Richardson,0.0823920407479588,1.0,0.9582438199429856,0.0176457812205472,0.7718567076821209,0.7718567076821209,0.1863871122608645,0.1863871122608645,False,False,0.069171462384545,0.0039994754587766,False,False,,
10000,2,Calibrated WGAN-DML,Fixed bandwidth,0.15,0.0074441687711618,0.8307336293773826,0.0073769526557822,0.8318283572057763,0.7718567076821209,-0.0010947278283937,0.0588769216952617,True,False,0.0289176544106664,0.0001981375318058,False,False,-7.176481631177012e-17,-1.3093115241872937
10000,2,Calibrated WGAN-DML,Richardson,0.0823920407479588,0.0074441687711618,0.7826865307311798,0.0311553934778877,0.7718567076821209,0.7718567076821209,0.0108298230490588,0.0108298230490588,True,True,0.1221291424333198,4.8625954522929504e-06,False,False,,
10000,2,Empirical-local DML,Fixed bandwidth,0.15,0.0,0.8307261020346841,0.0073636196029771,0.8318283572057763,0.7718567076821209,-0.0011022551710921,0.0588693943525632,True,False,0.0288653888436702,0.0001980773718155,False,False,8.384404281969182e-17,-1.309196734664102
10000,2,Empirical-local DML,Richardson,0.0823920407479588,0.0,0.7826309114786136,0.0310038930790195,0.7718567076821209,0.7718567076821209,0.0107742037964927,0.0107742037964927,True,True,0.1215352608697565,4.810843430291811e-06,False,False,,
10000,2,Smooth plug-in,Fixed bandwidth,0.15,0.0,0.8300219812510471,0.0073079944085112,0.8318283572057763,0.7718567076821209,-0.0018063759547292,0.0581652735689262,True,False,0.0286473380813642,0.000192503204343,False,False,-2.1442847497610273e-12,-1.3035945117129133
10000,2,Smooth plug-in,Richardson,0.0823920407479588,0.0,0.7758014118427269,0.0302978299270619,0.7718567076821209,0.7718567076821209,0.0039447041606059,0.0039447041606059,True,True,0.1187674933140827,6.145631645804173e-07,False,False,,
10000,3,WGAN-DML,Fixed bandwidth,0.15,1.0,0.8376679209497297,0.0089690558353102,0.8318283572057763,0.7718567076821209,0.0058395637439534,0.0658112132676088,True,False,0.035158698874416,0.0002586276397189,False,False,-4.640732242933154e-16,-1.388916004295105
10000,3,WGAN-DML,Richardson,0.0823920407479588,1.0,0.8635072040818114,0.0365193003081567,0.7718567076821209,0.7718567076821209,0.0916504963996904,0.0916504963996904,False,False,0.1431556572079743,0.0005869554474742,False,True,,
10000,3,Calibrated WGAN-DML,Fixed bandwidth,0.15,0.0074441687711618,0.8219548465534541,0.0071421759982376,0.8318283572057763,0.7718567076821209,-0.0098735106523222,0.0500981388713331,True,False,0.0279973299130914,0.000135598707887,False,False,4.2774672692758034e-16,-1.326551968423736
10000,3,Calibrated WGAN-DML,Richardson,0.0823920407479588,0.0074441687711618,0.7520695439277717,0.0243127983890843,0.7718567076821209,0.7718567076821209,-0.0197871637543491,-0.0197871637543491,True,True,0.0953061696852106,1.30225809067408e-05,False,False,,
10000,3,Empirical-local DML,Fixed bandwidth,0.15,0.0,0.8219642477600694,0.0071349513576563,0.8318283572057763,0.7718567076821209,-0.0098641094457069,0.0501075400779484,True,False,0.0279690093220129,0.0001356578463627,False,False,3.957723038183758e-16,-1.3265336282569322
10000,3,Empirical-local DML,Richardson,0.0823920407479588,0.0,0.7520552389456461,0.0242463264597669,0.7718567076821209,0.7718567076821209,-0.0198014687364748,-0.0198014687364748,True,True,0.0950455997222865,1.3040023044030846e-05,False,False,,
10000,3,Smooth plug-in,Fixed bandwidth,0.15,0.0,0.8217583007599906,0.0071226556351712,0.8318283572057763,0.7718567076821209,-0.0100700564457857,0.0499015930778696,True,False,0.0279208100898714,0.0001343656305539,False,False,3.3306690738754696e-16,-1.3243153346015335
10000,3,Smooth plug-in,Richardson,0.0823920407479588,0.0,0.7495396401525024,0.0233882697692886,0.7718567076821209,0.7718567076821209,-0.0223170675296184,-0.0223170675296184,True,True,0.0916820174956115,1.625823342243926e-05,False,False,,
10000,4,WGAN-DML,Fixed bandwidth,0.15,1.0,0.8547692970122907,0.0104799164522527,0.8318283572057763,0.7718567076821209,0.0229409398065143,0.0829125893301697,False,False,0.0410812724928308,0.0004559742031224,False,False,8.172755805446739e-12,-1.4578087327465372
10000,4,WGAN-DML,Richardson,0.0823920407479588,1.0,0.943173388906536,0.0187910980450413,0.7718567076821209,0.7718567076821209,0.1713166812244151,0.1713166812244151,False,False,0.0736611043365621,0.0031453721858096,False,True,,
10000,4,Calibrated WGAN-DML,Fixed bandwidth,0.15,0.0074441687711618,0.8212332821540804,0.0071944160670885,0.8318283572057763,0.7718567076821209,-0.0105950750516958,0.0493765744719595,True,False,0.0282021109829872,0.0001311061242024,False,False,9.947598300641404e-17,-1.3383590184002117
10000,4,Calibrated WGAN-DML,Richardson,0.0823920407479588,0.0074441687711618,0.7687189555808281,0.0232636860616884,0.7718567076821209,0.7718567076821209,-0.0031377521012927,-0.0031377521012927,True,True,0.0911936493618189,3.696408996667344e-07,False,False,,
10000,4,Empirical-local DML,Fixed bandwidth,0.15,0.0,0.8212327026351419,0.0071794327734225,0.8318283572057763,0.7718567076821209,-0.0105956545706343,0.049375994953021,True,False,0.0281433764718164,0.0001311025521537,False,False,3.637978807091713e-16,-1.3383378243925463
10000,4,Empirical-local DML,Richardson,0.0823920407479588,0.0,0.7686993344916346,0.0231427690912683,0.7718567076821209,0.7718567076821209,-0.0031573731904862,-0.0031573731904862,True,True,0.090719654837772,3.742707370690823e-07,False,False,,
10000,4,Smooth plug-in,Fixed bandwidth,0.15,0.0,0.8219576281638518,0.0071703368032779,0.8318283572057763,0.7718567076821209,-0.0098707290419245,0.0501009204817308,True,False,0.0281077202688496,0.000135616205662,False,False,6.661338147750939e-16,-1.3310658211590498
10000,4,Smooth plug-in,Richardson,0.0823920407479588,0.0,0.7638974032188435,0.0232123254164942,0.7718567076821209,0.7718567076821209,-0.0079593044632774,-0.0079593044632774,True,True,0.0909923156326573,2.2974633118177934e-06,False,False,,
10000,5,WGAN-DML,Fixed bandwidth,0.15,1.0,0.8805492352720676,0.0116851739892462,0.8318283572057763,0.7718567076821209,0.0487208780662913,0.1086925275899467,False,False,0.0458058820378454,0.0009111178533229,False,False,5.826450433232822e-17,-1.4531958925589876
10000,5,WGAN-DML,Richardson,0.0823920407479588,1.0,1.0133540634579572,0.0224819991515271,0.7718567076821209,0.7718567076821209,0.2414973557758363,0.2414973557758363,False,False,0.0881294366739864,0.0085222461020815,False,True,,
10000,5,Calibrated WGAN-DML,Fixed bandwidth,0.15,0.0074441687711618,0.8229983435359665,0.0075508473178574,0.8318283572057763,0.7718567076821209,-0.0088300136698098,0.0511416358538455,True,False,0.029599321486001,0.0001422633125411,False,False,-1.048761077981908e-15,-1.2671554719003095
10000,5,Calibrated WGAN-DML,Richardson,0.0823920407479588,0.0074441687711618,0.7558218940698216,0.0206640223656146,0.7718567076821209,0.7718567076821209,-0.0160348136122993,-0.0160348136122993,True,True,0.0810029676732094,8.791315068590322e-06,False,False,,
10000,5,Empirical-local DML,Fixed bandwidth,0.15,0.0,0.8229728394980712,0.0075337369070392,0.8318283572057763,0.7718567076821209,-0.008855517707705,0.0511161318159503,True,False,0.0295322486755938,0.0001420982071245,False,False,-8.391509709326783e-16,-1.267194542325523
10000,5,Empirical-local DML,Richardson,0.0823920407479588,0.0,0.7557681943834019,0.0205591222632547,0.7718567076821209,0.7718567076821209,-0.0160885132987189,-0.0160885132987189,True,True,0.0805917592719586,8.846839684606422e-06,False,False,,
10000,5,Smooth plug-in,Fixed bandwidth,0.15,0.0,0.8231958200612294,0.0074382097624198,0.8318283572057763,0.7718567076821209,-0.0086325371445469,0.0513391123791084,True,False,0.0291577822686856,0.0001435471605408,False,False,-6.661338147750939e-16,-1.266030706630894
10000,5,Smooth plug-in,Richardson,0.0823920407479588,0.0,0.752292334527943,0.020767924657325,0.7718567076821209,0.7718567076821209,-0.0195643731541779,-0.0195643731541779,True,True,0.0814102646567141,1.275194407424074e-05,False,False,,
10000,6,WGAN-DML,Fixed bandwidth,0.15,1.0,0.8637478526418982,0.010945890036319,0.8318283572057763,0.7718567076821209,0.0319194954361219,0.0918911449597773,False,False,0.0429078889423705,0.0005908806590326,False,False,-2.7885793940640723e-11,-1.303878668317182
10000,6,WGAN-DML,Richardson,0.0823920407479588,1.0,0.950638597969374,0.0322425467075947,0.7718567076821209,0.7718567076821209,0.1787818902872532,0.1787818902872532,False,False,0.1263907830937715,0.0035504137651414,False,False,,
10000,6,Calibrated WGAN-DML,Fixed bandwidth,0.15,0.0074441687711618,0.8294873979508202,0.0073345800840952,0.8318283572057763,0.7718567076821209,-0.0023409592549561,0.0576306902686992,True,False,0.0287515539296534,0.0001883384037395,False,False,1.0863034560770757e-11,-1.2456862339543306
10000,6,Calibrated WGAN-DML,Richardson,0.0823920407479588,0.0074441687711618,0.7415790363466358,0.0317067478946117,0.7718567076821209,0.7718567076821209,-0.030277671335485,-0.030277671335485,True,True,0.1242904517468781,2.820037326478619e-05,False,False,,
10000,6,Empirical-local DML,Fixed bandwidth,0.15,0.0,0.829503899247079,0.0073213966409113,0.8318283572057763,0.7718567076821209,-0.0023244579586972,0.0576471915649581,True,False,0.0286998748323725,0.0001884661039974,False,False,1.0233567593331828e-11,-1.2455939759582575
10000,6,Empirical-local DML,Richardson,0.0823920407479588,0.0,0.7414980885187783,0.0315929976396863,0.7718567076821209,0.7718567076821209,-0.0303586191633425,-0.0303586191633425,True,True,0.1238445507475703,2.8334145524278043e-05,False,False,,
10000,6,Smooth plug-in,Fixed bandwidth,0.15,0.0,0.828563309167811,0.0072501563375931,0.8318283572057763,0.7718567076821209,-0.0032650480379653,0.05670660148569,True,False,0.0284206128433653,0.0001812752044993,False,False,-1.0751399770470016e-11,-1.2357489039171998
10000,6,Smooth plug-in,Richardson,0.0823920407479588,0.0,0.7242392387903426,0.0293972549756402,0.7718567076821209,0.7718567076821209,-0.0476174688917783,-0.0476174688917783,True,True,0.1152372395045097,6.113867998092104e-05,False,False,,
10000,7,WGAN-DML,Fixed bandwidth,0.15,1.0,0.9148002934636664,0.0117577769712042,0.8318283572057763,0.7718567076821209,0.08297193625789,0.1429435857815454,False,False,0.0460904857271206,0.0018986321623695,False,False,4.3323606035983175e-12,-1.5799929927278789
10000,7,WGAN-DML,Richardson,0.0823920407479588,1.0,1.0450947637198698,0.0139893506275369,0.7718567076821209,0.7718567076821209,0.2732380560377488,0.2732380560377488,False,False,0.0548382544599449,0.012320823766021,False,True,,
10000,7,Calibrated WGAN-DML,Fixed bandwidth,0.15,0.0074441687711618,0.8370263623486826,0.0079437807032401,0.8318283572057763,0.7718567076821209,0.0051980051429062,0.0651696546665616,True,False,0.0311396203567015,0.0002525924723226,False,False,6.892264536872972e-17,-1.224734796755836
10000,7,Calibrated WGAN-DML,Richardson,0.0823920407479588,0.0074441687711618,0.7608254447772103,0.0349240538774562,0.7718567076821209,0.7718567076821209,-0.0110312629049106,-0.0110312629049106,True,True,0.1369022911996284,4.31575883030888e-06,False,False,,
10000,7,Empirical-local DML,Fixed bandwidth,0.15,0.0,0.8370099763895236,0.0079198800231218,0.8318283572057763,0.7718567076821209,0.0051816191837472,0.0651532687074026,True,False,0.0310459296906376,0.000252439447532,False,False,5.0093262871087056e-17,-1.2245413803595486
10000,7,Empirical-local DML,Richardson,0.0823920407479588,0.0,0.7606819118558731,0.0347213240841048,0.7718567076821209,0.7718567076821209,-0.0111747958262478,-0.0111747958262478,True,True,0.136107590409691,4.424231128563605e-06,False,False,,
10000,7,Smooth plug-in,Fixed bandwidth,0.15,0.0,0.8340622310425803,0.0076218309767542,0.8318283572057763,0.7718567076821209,0.0022338738368039,0.0622055233604593,True,False,0.0298775774288766,0.0002258863859498,False,False,1.8971380022492212e-11,-1.231230562434016
10000,7,Smooth plug-in,Richardson,0.0823920407479588,0.0,0.7498439367597045,0.0305880265877767,0.7718567076821209,0.7718567076821209,-0.0220127709224163,-0.0220127709224163,True,True,0.1199050642240848,1.585361449252254e-05,False,False,,
10000,8,WGAN-DML,Fixed bandwidth,0.15,1.0,0.8458379615267919,0.0094938643778647,0.8318283572057763,0.7718567076821209,0.0140096043210156,0.073981253844671,True,False,0.0372159483612299,0.0003438220695433,False,False,1.271871497010579e-16,-1.406208587859777
10000,8,WGAN-DML,Richardson,0.0823920407479588,1.0,0.8919956409127973,0.0306584360658995,0.7718567076821209,0.7718567076821209,0.1201389332306763,0.1201389332306763,False,False,0.1201810693783261,0.0011867304600217,False,False,,
10000,8,Calibrated WGAN-DML,Fixed bandwidth,0.15,0.0074441687711618,0.8271887736778689,0.0069579900887137,0.8318283572057763,0.7718567076821209,-0.0046395835279073,0.055332065995748,True,False,0.027275321147758,0.0001710829121714,False,False,3.396394276933279e-16,-1.3431694467457829
10000,8,Calibrated WGAN-DML,Richardson,0.0823920407479588,0.0074441687711618,0.7581877890114238,0.0279454560928267,0.7718567076821209,0.7718567076821209,-0.013668918670697,-0.013668918670697,True,True,0.109546187883881,6.500149270616262e-06,False,False,,
10000,8,Empirical-local DML,Fixed bandwidth,0.15,0.0,0.8271936106603438,0.0069467034478009,0.8318283572057763,0.7718567076821209,-0.0046347465454325,0.0553369029782229,True,False,0.0272310775153795,0.0001711180835739,False,False,2.2737367544323206e-16,-1.343206069363081
10000,8,Empirical-local DML,Richardson,0.0823920407479588,0.0,0.7581834348409677,0.0278298500091775,0.7718567076821209,0.7718567076821209,-0.0136732728411531,-0.0136732728411531,True,True,0.1090930120359759,6.504084679503919e-06,False,False,,
10000,8,Smooth plug-in,Fixed bandwidth,0.15,0.0,0.8274771638372849,0.0069380218749824,0.8318283572057763,0.7718567076821209,-0.0043511933684914,0.0556204561551639,True,False,0.027197045749931,0.0001731905281499,False,False,5.551115123125784e-16,-1.3423744495866252
10000,8,Smooth plug-in,Richardson,0.0823920407479588,0.0,0.7570919981342742,0.0279445955324663,0.7718567076821209,0.7718567076821209,-0.0147647095478467,-0.0147647095478467,True,True,0.1095428144872681,7.52353713573406e-06,False,False,,
10000,9,WGAN-DML,Fixed bandwidth,0.15,1.0,0.8612669827468817,0.0104161744471734,0.8318283572057763,0.7718567076821209,0.0294386255411054,0.0894102750647608,False,False,0.04083140383292,0.0005512521334916,False,False,1.5631940186722203e-16,-1.4463262046766303
10000,9,WGAN-DML,Richardson,0.0823920407479588,1.0,0.9299369178548196,0.0208014452662247,0.7718567076821209,0.7718567076821209,0.1580802101726988,0.1580802101726988,False,False,0.0815416654436012,0.002508902787496,False,False,,
10000,9,Calibrated WGAN-DML,Fixed bandwidth,0.15,0.0074441687711618,0.8367317428829073,0.0076556525937133,0.8318283572057763,0.7718567076821209,0.004903385677131,0.0648750352007864,True,False,0.0300101581673564,0.0002498517051814,False,False,1.0302869668521452e-16,-1.2994976793017572
10000,9,Calibrated WGAN-DML,Richardson,0.0823920407479588,0.0074441687711618,0.7796062327359373,0.0303599429154835,0.7718567076821209,0.7718567076821209,0.0077495250538164,0.0077495250538164,True,True,0.1190109762286955,2.43653531684096e-06,False,False,,
10000,9,Empirical-local DML,Fixed bandwidth,0.15,0.0,0.8367106465392135,0.0076419275285979,0.8318283572057763,0.7718567076821209,0.0048822893334371,0.0648539388570925,True,False,0.029956355912104,0.000249656096817,False,False,8.144596108650149e-17,-1.2993177285159412
10000,9,Empirical-local DML,Richardson,0.0823920407479588,0.0,0.7795676292916934,0.0302026935698214,0.7718567076821209,0.7718567076821209,0.0077109216095725,0.0077109216095725,True,True,0.1183945587937002,2.411718128314533e-06,False,False,,
10000,9,Smooth plug-in,Fixed bandwidth,0.15,0.0,0.836151019005302,0.0074357629725291,0.8318283572057763,0.7718567076821209,0.0043226617995256,0.064294311323181,True,False,0.0291481908523143,0.0002445056541053,False,False,3.3306690738754696e-16,-1.3215546787309629
10000,9,Smooth plug-in,Richardson,0.0823920407479588,0.0,0.7900091100966847,0.0288641819970501,0.7718567076821209,0.7718567076821209,0.0181524024145638,0.0181524024145638,True,True,0.1131475934284364,1.4375106065722676e-05,False,False,,
10000,10,WGAN-DML,Fixed bandwidth,0.15,1.0,0.8518076764144307,0.0108502817162697,0.8318283572057763,0.7718567076821209,0.0199793192086543,0.0799509687323097,True,False,0.0425331043277774,0.0004164578379641,False,False,1.212185907206731e-15,-1.4803316486152551
10000,10,WGAN-DML,Richardson,0.0823920407479588,1.0,0.9016197128426184,0.0219017673933535,0.7718567076821209,0.7718567076821209,0.1297630051604975,0.1297630051604975,False,False,0.085854928181946,0.0014590643796916,False,False,,
10000,10,Calibrated WGAN-DML,Fixed bandwidth,0.15,0.0074441687711618,0.8246826368993109,0.0076358155160378,0.8318283572057763,0.7718567076821209,-0.0071457203064654,0.0528259292171899,True,False,0.0299323968228683,0.0001534465708723,False,False,1.3434622303520883e-11,-1.3884357472636386
10000,10,Calibrated WGAN-DML,Richardson,0.0823920407479588,0.0074441687711618,0.7970551810942809,0.01755664896486,0.7718567076821209,0.7718567076821209,0.0251984734121599,0.0251984734121599,True,True,0.0688220639422512,2.9072960404441517e-05,False,False,,
10000,10,Empirical-local DML,Fixed bandwidth,0.15,0.0,0.8246641583022659,0.0076229519707781,0.8318283572057763,0.7718567076821209,-0.0071641989035103,0.052807450620145,True,False,0.0298819717254504,0.0001533210824617,False,False,1.4943300996606008e-11,-1.3884261951839516
10000,10,Empirical-local DML,Richardson,0.0823920407479588,0.0,0.7970006875483807,0.0174704846227074,0.7718567076821209,0.7718567076821209,0.0251439798662598,0.0251439798662598,True,True,0.0684842997210132,2.893651600799352e-05,False,False,,
10000,10,Smooth plug-in,Fixed bandwidth,0.15,0.0,0.824727089526028,0.0075809059198702,0.8318283572057763,0.7718567076821209,-0.0071012676797482,0.0528703818439071,True,False,0.0297171512058911,0.0001537490080441,False,False,9.579337323373238e-12,-1.3853760526610914
10000,10,Smooth plug-in,Richardson,0.0823920407479588,0.0,0.7928372079109308,0.0176364334805552,0.7718567076821209,0.7718567076821209,0.0209805002288099,0.0209805002288099,True,True,0.0691348192437766,1.9581129215184845e-05,False,False,,
