auctions,procedure,comparison,mse_difference,paired_mcse
500,Fixed bandwidth,WGAN-DML,-0.002997993514678614,0.0015906069918829064
500,Fixed bandwidth,Empirical-local DML,4.3330914484531605e-05,4.2306695458819295e-05
500,Fixed bandwidth,Smooth plug-in,0.0008112478363064413,0.0004590784015484268
500,Richardson,WGAN-DML,-0.011051129740419484,0.0047533215886475235
500,Richardson,Empirical-local DML,0.0002146475433829771,0.00015107837740745004
500,Richardson,Smooth plug-in,0.0031850412008657424,0.0014004441002336812
2000,Fixed bandwidth,WGAN-DML,-0.00393957371912908,0.0019198778584502297
2000,Fixed bandwidth,Empirical-local DML,8.848999273513237e-07,3.966182889951033e-06
2000,Fixed bandwidth,Smooth plug-in,6.923513170875862e-05,4.805826377991035e-05
2000,Richardson,WGAN-DML,-0.028918539504803026,0.01012256109618637
2000,Richardson,Empirical-local DML,1.6857169318007384e-05,1.7887628651264458e-05
2000,Richardson,Smooth plug-in,0.0005925683466867773,0.0003930784578900813
10000,Fixed bandwidth,WGAN-DML,-0.00190745228695956,0.0007782107738995751
10000,Fixed bandwidth,Empirical-local DML,6.468567033279173e-09,6.691054036909771e-08
10000,Fixed bandwidth,Smooth plug-in,4.706332563347116e-06,2.718273002795642e-06
10000,Richardson,WGAN-DML,-0.09360088938556436,0.06160179281851006
10000,Richardson,Empirical-local DML,-7.908373765353651e-07,6.989120309148446e-07
10000,Richardson,Smooth plug-in,-0.00020988007958149614,0.00013648391631596057
