distribution,auctions,repetition,fold,bandwidth,weight,trained_weight,evaluation_base_seed,risk_0,risk_0.25,risk_0.5,risk_1
lognormal,500,1,1,0.15,1.0,1.0,90260930,0.771450211670813,0.7709683287963013,0.7705430565943661,0.7698623442082264
lognormal,500,1,1,0.2121320343559642,1.0,1.0,90260930,0.7059596291285857,0.7055343506064005,0.7051681899682788,0.7046132223442265
lognormal,500,1,2,0.15,1.0,1.0,90260930,0.3217797529268137,0.3204017458055293,0.3191251997378612,0.3168764907633744
lognormal,500,1,2,0.2121320343559642,1.0,1.0,90260930,0.4006026768075035,0.3990963312023738,0.3976990030688479,0.3952313992166074
lognormal,500,1,3,0.15,0.5,1.0,90260930,0.9980560447723312,0.9972278798356796,0.9967698653137584,0.9969642875141064
lognormal,500,1,3,0.2121320343559642,1.0,1.0,90260930,0.8393860984651537,0.8385309219702569,0.8380161932039657,0.8380080788571985
lognormal,500,2,1,0.15,0.0,0.0,90260930,0.701764185145551,0.7018342243735749,0.7019099480331412,0.7020784486469016
lognormal,500,2,1,0.2121320343559642,0.0,0.0,90260930,0.6887678195442115,0.6887965529450444,0.6888272269744923,0.6888943969192338
lognormal,500,2,2,0.15,1.0,1.0,90260930,1.3009545356448988,1.3001102943166774,1.2994454232556365,1.2986537919350951
lognormal,500,2,2,0.2121320343559642,0.5,1.0,90260930,1.0423266810351524,1.042189954517309,1.0421856144938022,1.0425740939297978
lognormal,500,2,3,0.15,1.0,1.0,90260930,0.4269782950687159,0.4258325842549008,0.4247572474323828,0.4228176957612374
lognormal,500,2,3,0.2121320343559642,1.0,1.0,90260930,0.4754151716496242,0.4742957927092749,0.4732209497300182,0.4712048716547828
lognormal,500,3,1,0.15,0.0,0.0,90260930,0.884264365608139,0.8847029249038812,0.8853056481062798,0.8870035862310459
lognormal,500,3,1,0.2121320343559642,0.0,0.0,90260930,0.8113374878046695,0.8117927763726546,0.8123764407926627,0.8139288971887485
lognormal,500,3,2,0.15,1.0,1.0,90260930,0.3575475338761719,0.3562134503099733,0.3551844971394264,0.3540419819852872
lognormal,500,3,2,0.2121320343559642,1.0,0.5,90260930,0.4421054363488724,0.4412321603935573,0.4405262298089883,0.4396164047520884
lognormal,500,3,3,0.15,0.25,1.0,90260930,0.9939448588094156,0.9937892587777052,0.9938736638857872,0.9947624895213294
lognormal,500,3,3,0.2121320343559642,0.0,1.0,90260930,1.0572037125461158,1.0574680726905732,1.0578564997594688,1.0590055546705752
lognormal,500,4,1,0.15,1.0,1.0,90260930,0.8739689838160147,0.8728404222907533,0.8718845265815475,0.8704907326113034
lognormal,500,4,1,0.2121320343559642,1.0,1.0,90260930,0.9114499899673996,0.9105058031479524,0.909656522381988,0.9082426790105076
lognormal,500,4,2,0.15,0.0,0.0,90260930,0.4405828173450248,0.4413472144141786,0.4422916736675268,0.444720778726806
lognormal,500,4,2,0.2121320343559642,0.0,0.0,90260930,0.518836915559761,0.5195687072040542,0.5204428750288606,0.5226183392200123
lognormal,500,4,3,0.15,0.25,0.25,90260930,0.4804051418283261,0.4804008932974221,0.4804058486941023,0.4804433712702149
lognormal,500,4,3,0.2121320343559642,0.0,0.0,90260930,0.5182229165876304,0.518236390328361,0.5182547785798126,0.5183062986148792
lognormal,500,5,1,0.15,1.0,1.0,90260930,0.4839235512531313,0.4832477611335315,0.482639965341456,0.4816283567398788
lognormal,500,5,1,0.2121320343559642,1.0,1.0,90260930,0.5677628497310048,0.5673362010086828,0.5669481659527368,0.5662879368399725
lognormal,500,5,2,0.15,1.0,1.0,90260930,0.8490979877256363,0.8488990307283385,0.8487171729749505,0.8484047551999037
lognormal,500,5,2,0.2121320343559642,1.0,1.0,90260930,0.9485984693625104,0.9482576465632628,0.9479234712420144,0.9472750630335144
lognormal,500,5,3,0.15,0.0,0.0,90260930,0.3755519018271808,0.3759962545990817,0.3764798420844758,0.3775647211957432
lognormal,500,5,3,0.2121320343559642,0.0,0.0,90260930,0.4736075405660236,0.4739144837424937,0.474236924742546,0.4749283002133974
lognormal,500,6,1,0.15,1.0,1.0,90260930,0.4619027058216374,0.4613350968764644,0.4608115748332559,0.4598967914527324
lognormal,500,6,1,0.2121320343559642,1.0,1.0,90260930,0.5213086085047127,0.5209256789495679,0.5205650271902396,0.5199105570590319
lognormal,500,6,2,0.15,1.0,0.5,90260930,1.223034945725193,1.2215254460752911,1.2204246234562388,1.2194490093106805
lognormal,500,6,2,0.2121320343559642,0.25,0.0,90260930,1.0544344282871383,1.0542709592659392,1.0542761908500926,1.054792755834456
lognormal,500,6,3,0.15,0.0,0.0,90260930,1.0396519469411525,1.040982930975131,1.042411785688942,1.0455631071560607
lognormal,500,6,3,0.2121320343559642,0.0,0.0,90260930,1.0379991407769158,1.039848091889954,1.041768733850358,1.0458250903132642
lognormal,500,7,1,0.15,1.0,0.5,90260930,0.9891711256135304,0.9884599669211946,0.9880289735875544,0.988007482996359
lognormal,500,7,1,0.2121320343559642,0.5,0.5,90260930,0.9674154160955816,0.9670357400213933,0.9668253326264704,0.9669123238744212
lognormal,500,7,2,0.15,0.0,0.0,90260930,0.6540028594496072,0.6542160250939499,0.6545319894397837,0.6554723142359242
lognormal,500,7,2,0.2121320343559642,0.0,0.0,90260930,0.7099261357923052,0.7102087550583663,0.7105376185554534,0.7113340782427049
lognormal,500,7,3,0.15,0.5,0.5,90260930,0.8314617144564866,0.830681324248469,0.8304102690050252,0.8313961634118596
lognormal,500,7,3,0.2121320343559642,1.0,0.5,90260930,0.9146062262948048,0.9137926065682028,0.9132445769940234,0.9129452883029346
lognormal,500,8,1,0.15,1.0,1.0,90260930,0.9834870996621822,0.9830717682813248,0.9827520333974042,0.9823993531203744
lognormal,500,8,1,0.2121320343559642,1.0,0.25,90260930,0.975204959670654,0.974944576920328,0.9747613896525078,0.9746266015643866
lognormal,500,8,2,0.15,0.5,0.0,90260930,0.5277003797610325,0.5274535413521325,0.5273724550877115,0.527707538992306
lognormal,500,8,2,0.2121320343559642,0.5,0.0,90260930,0.5895912502598375,0.5894001081624085,0.5892885267678638,0.5893040460874264
lognormal,500,8,3,0.15,0.0,0.0,90260930,0.7072136488162599,0.7077891195982173,0.7086000295876728,0.710928167189077
lognormal,500,8,3,0.2121320343559642,0.0,0.0,90260930,0.755597898425925,0.7560319304311951,0.7566921568366061,0.7586911928478507
lognormal,500,9,1,0.15,1.0,1.0,90260930,0.8511601882718417,0.8510544541964236,0.8509619307567792,0.8508165157848111
lognormal,500,9,1,0.2121320343559642,1.0,1.0,90260930,0.8001375751861507,0.7999918273491095,0.7998607250175523,0.7996424568708906
lognormal,500,9,2,0.15,1.0,1.0,90260930,0.2989030776309511,0.2980823025490892,0.2972862191688846,0.295768127513447
lognormal,500,9,2,0.2121320343559642,1.0,1.0,90260930,0.3423900850680749,0.3417356615876719,0.3410946461549562,0.3398528394325869
lognormal,500,9,3,0.15,0.0,0.0,90260930,0.2225066900388555,0.2234633005146628,0.2244860023272026,0.2267296799624796
lognormal,500,9,3,0.2121320343559642,0.0,0.0,90260930,0.2907764335025568,0.2921407731160345,0.2935322683243535,0.296396725525515
lognormal,500,10,1,0.15,0.5,0.5,90260930,0.8503279604013566,0.849752474449204,0.8495783545307634,0.850434212795017
lognormal,500,10,1,0.2121320343559642,0.5,0.5,90260930,0.8932996796766899,0.8929545794346228,0.8927918671273891,0.8930136063174238
lognormal,500,10,2,0.15,0.0,0.0,90260930,1.141676344074012,1.1421490960111436,1.1426368938894889,1.1436576274698207
lognormal,500,10,2,0.2121320343559642,0.0,0.0,90260930,1.1459799210872377,1.1464599287259352,1.1469514949582065,1.1479693032034688
lognormal,500,10,3,0.15,0.0,0.0,90260930,0.9722690680820034,0.9734188194757836,0.9748524922926876,0.9785716021958676
lognormal,500,10,3,0.2121320343559642,0.0,0.0,90260930,1.042536856477794,1.0436065806489676,1.0448565205617266,1.047897047612001
lognormal,2000,1,1,0.1136787424882798,0.0,0.0,90260930,0.6932300946267171,0.693364267354496,0.6935253664845522,0.693928343951497
lognormal,2000,1,1,0.15,0.0,0.0,90260930,0.7334044867579643,0.7335460517502175,0.7337143604917822,0.7341312092228465
lognormal,2000,1,1,0.1607660193804439,0.0,0.0,90260930,0.7463452726409137,0.7464896510882842,0.7466611389574317,0.7470854429610579
lognormal,2000,1,2,0.1136787424882798,0.5,0.5,90260930,0.5434923664223461,0.5434644814964978,0.5434483218879154,0.5434511786225474
lognormal,2000,1,2,0.15,1.0,1.0,90260930,0.582482134558468,0.5824573694659453,0.5824375763296429,0.5824129059256997
lognormal,2000,1,2,0.1607660193804439,1.0,1.0,90260930,0.5936747796432226,0.5936502523897579,0.5936297111099763,0.5936005864714623
lognormal,2000,1,3,0.1136787424882798,1.0,1.0,90260930,0.4379382350012558,0.4376638358450528,0.4374408319655502,0.4371490100366456
lognormal,2000,1,3,0.15,1.0,1.0,90260930,0.4803890170053401,0.4800603938125769,0.4797733245400264,0.4793238477555639
lognormal,2000,1,3,0.1607660193804439,1.0,1.0,90260930,0.492943260606779,0.4926040804969404,0.4923040688800859,0.4918215511253282
lognormal,2000,2,1,0.1136787424882798,0.0,0.0,90260930,0.3461670231139039,0.3467063971325249,0.347365718572608,0.3490442037171601
lognormal,2000,2,1,0.15,0.0,0.0,90260930,0.4002834159152367,0.4007460459682975,0.4013087604531465,0.4027344427182098
lognormal,2000,2,1,0.1607660193804439,0.0,0.0,90260930,0.4178892066993944,0.4183253153119503,0.4188546008438704,0.4201927026658038
lognormal,2000,2,2,0.1136787424882798,1.0,1.0,90260930,0.9147148321330464,0.9139285906222008,0.9133516228546574,0.9128255085494792
lognormal,2000,2,2,0.15,1.0,1.0,90260930,0.9151955902632186,0.9145297255799332,0.9140535404576952,0.9136702088963586
lognormal,2000,2,2,0.1607660193804439,1.0,1.0,90260930,0.9139026109931632,0.9132852277323696,0.912848494129199,0.9125169758957264
lognormal,2000,2,3,0.1136787424882798,0.5,1.0,90260930,0.8499530314674159,0.8494784284059295,0.8491943332563913,0.8491976666931605
lognormal,2000,2,3,0.15,0.5,0.5,90260930,0.7691669228980855,0.7689921988162358,0.7689466215624836,0.7692429075392713
lognormal,2000,2,3,0.1607660193804439,0.25,0.5,90260930,0.7527784655980724,0.7526714656799087,0.752677596719387,0.7530292516712697
lognormal,2000,3,1,0.1136787424882798,0.0,0.0,90260930,0.4041749085501296,0.4042752989587068,0.4043952485530442,0.4046938252989997
lognormal,2000,3,1,0.15,0.0,0.0,90260930,0.4385174809045926,0.4386014826449556,0.4386943171295195,0.4389064843312493
lognormal,2000,3,1,0.1607660193804439,0.0,0.0,90260930,0.4494796096034921,0.4495584906511196,0.449644186580367,0.4498360230837215
lognormal,2000,3,2,0.1136787424882798,0.0,0.0,90260930,0.650235567926371,0.6504506411539418,0.6507597318773068,0.6516599658114197
lognormal,2000,3,2,0.15,0.0,0.0,90260930,0.6124738553683559,0.6127083745211174,0.6130265075085796,0.6139136149876057
lognormal,2000,3,2,0.1607660193804439,0.0,0.0,90260930,0.607037453054847,0.607272829227202,0.6075868597378492,0.6084508837740209
lognormal,2000,3,3,0.1136787424882798,0.0,0.0,90260930,0.6302591995544788,0.6303313650115343,0.6305332158314548,0.6313259735598911
lognormal,2000,3,3,0.15,0.0,0.0,90260930,0.6668382083339741,0.666962711544256,0.6672022074603976,0.6680261774102605
lognormal,2000,3,3,0.1607660193804439,0.0,0.0,90260930,0.6778676713591384,0.6780002314406789,0.6782420066384152,0.6790532023824757
lognormal,2000,4,1,0.1136787424882798,0.0,0.0,90260930,0.5954538340574587,0.595468784170791,0.5955102326416568,0.5956726246559895
lognormal,2000,4,1,0.15,0.0,0.0,90260930,0.640053775527007,0.6400858117085896,0.640134553832943,0.6402821559099615
lognormal,2000,4,1,0.1607660193804439,0.0,0.0,90260930,0.6526840338394735,0.6527214369292361,0.6527740317976847,0.6529247968706381
lognormal,2000,4,2,0.1136787424882798,1.0,1.0,90260930,0.2494781724691996,0.2493702822536631,0.2492876684074468,0.2491982698229745
lognormal,2000,4,2,0.15,1.0,1.0,90260930,0.2923727486333566,0.2922713501730022,0.292179571198233,0.2920248717054508
lognormal,2000,4,2,0.1607660193804439,1.0,1.0,90260930,0.3070241332232369,0.3069237444444607,0.3068304776497411,0.3066653100124716
lognormal,2000,4,3,0.1136787424882798,0.0,0.0,90260930,0.6397431277179064,0.6397560663772586,0.6397789172157107,0.6398543554299143
lognormal,2000,4,3,0.15,0.0,0.0,90260930,0.6880218111037297,0.6881153036179223,0.688212997407672,0.6884209888138421
lognormal,2000,4,3,0.1607660193804439,0.0,0.0,90260930,0.7031339437164228,0.7032413226963424,0.7033524364014033,0.703585867986948
lognormal,2000,5,1,0.1136787424882798,1.0,1.0,90260930,0.8936090838050872,0.8931762374582101,0.8928542533033282,0.8925428715695485
lognormal,2000,5,1,0.15,1.0,1.0,90260930,0.828832188909421,0.828440038878316,0.8281432974046238,0.8278360401294785
lognormal,2000,5,1,0.1607660193804439,1.0,1.0,90260930,0.819758496024845,0.8193685238997802,0.8190705104400334,0.8187503595164943
lognormal,2000,5,2,0.1136787424882798,1.0,1.0,90260930,0.8511608866405744,0.8510519554157634,0.8509520587978732,0.8507793693828554
lognormal,2000,5,2,0.15,1.0,1.0,90260930,0.8946182379470339,0.8944726742598091,0.8943350652962856,0.8940837115403424
lognormal,2000,5,2,0.1607660193804439,1.0,1.0,90260930,0.9068773312233792,0.9067200937260788,0.9065706826836484,0.9062953399633976
lognormal,2000,5,3,0.1136787424882798,1.0,1.0,90260930,0.6161304835883429,0.6160139519546791,0.6159229150312471,0.6158173253150783
lognormal,2000,5,3,0.15,1.0,1.0,90260930,0.6550150915871491,0.6549240479861891,0.6548512211859661,0.6547602179877298
lognormal,2000,5,3,0.1607660193804439,1.0,1.0,90260930,0.6670953336598119,0.6670136307360783,0.6669479345490675,0.6668645623852149
lognormal,2000,6,1,0.1136787424882798,0.25,0.25,90260930,0.899738340497398,0.899709918836307,0.8997122561080924,0.8998092074502927
lognormal,2000,6,1,0.15,0.0,0.0,90260930,0.778662857075507,0.7786939960722571,0.7787508136603903,0.7789414846108056
lognormal,2000,6,1,0.1607660193804439,0.0,0.0,90260930,0.7613291759813501,0.7613671434671236,0.7614301704876999,0.7616314031332617
lognormal,2000,6,2,0.1136787424882798,0.5,0.25,90260930,0.6516984106145156,0.6516682302905983,0.6516541916364668,0.6516745393375611
lognormal,2000,6,2,0.15,0.5,0.0,90260930,0.6795270814830375,0.679511548889563,0.6795075893663687,0.6795343895308205
lognormal,2000,6,2,0.1607660193804439,0.5,0.0,90260930,0.6889789122881917,0.6889648656104316,0.6889616441609413,0.6889876769467713
lognormal,2000,6,3,0.1136787424882798,0.5,0.0,90260930,0.7173927870806988,0.717342160550341,0.7173164112679546,0.7173395444470974
lognormal,2000,6,3,0.15,0.0,0.0,90260930,0.7178692782102865,0.7178895066735665,0.7179274481915113,0.7180564703913949
lognormal,2000,6,3,0.1607660193804439,0.0,0.0,90260930,0.717876321750114,0.7179120478327601,0.7179635399283794,0.7181138221585383
lognormal,2000,7,1,0.1136787424882798,0.25,0.25,90260930,0.7164610143812646,0.7164551255469485,0.7164584615012733,0.716492807775846
lognormal,2000,7,1,0.15,0.0,0.0,90260930,0.7530966805147351,0.7531546053905923,0.7532192315588977,0.7533685877728531
lognormal,2000,7,1,0.1607660193804439,0.0,0.0,90260930,0.7646861497502577,0.764759384899061,0.7648391419002377,0.7650182214597114
lognormal,2000,7,2,0.1136787424882798,1.0,1.0,90260930,0.5597701674426738,0.5595469777418399,0.5593413640465177,0.5589828646724073
lognormal,2000,7,2,0.15,1.0,1.0,90260930,0.5878177359254846,0.5875631402405407,0.5873253755449123,0.5869003391216018
lognormal,2000,7,2,0.1607660193804439,1.0,1.0,90260930,0.5956033613288632,0.5953405755878186,0.5950943165858669,0.5946513787992413
lognormal,2000,7,3,0.1136787424882798,1.0,1.0,90260930,0.9266143510079556,0.9263837829397232,0.9262212254534904,0.9261001422270216
lognormal,2000,7,3,0.15,1.0,1.0,90260930,0.8669649490094968,0.8667852941265025,0.8666654654124702,0.8666052864912915
lognormal,2000,7,3,0.1607660193804439,1.0,1.0,90260930,0.8587654164609291,0.8585981719437428,0.85848886647128,0.8584440726605256
lognormal,2000,8,1,0.1136787424882798,0.0,0.0,90260930,0.7061775050844132,0.7061848027741606,0.706202567021893,0.7062694951913118
lognormal,2000,8,1,0.15,0.0,0.0,90260930,0.7343471470827628,0.7343569953581782,0.7343748680496326,0.7344346866806596
lognormal,2000,8,1,0.1607660193804439,0.0,0.0,90260930,0.7428097471597386,0.7428200359709436,0.7428379646609742,0.7428967416775113
lognormal,2000,8,2,0.1136787424882798,0.0,0.0,90260930,0.502404086721588,0.5025596026785256,0.5027365601500645,0.5031547996369464
lognormal,2000,8,2,0.15,0.0,0.0,90260930,0.5394681095368907,0.5396704989139937,0.5398887092797255,0.5403725929770764
lognormal,2000,8,2,0.1607660193804439,0.0,0.0,90260930,0.5517240006973579,0.5519345076873617,0.5521598302205784,0.5526549219166499
lognormal,2000,8,3,0.1136787424882798,1.0,1.0,90260930,0.7443915309806944,0.7439655998404736,0.7436296620812421,0.7432277667057464
lognormal,2000,8,3,0.15,1.0,1.0,90260930,0.7502014244938832,0.749866211795224,0.749595399565442,0.7492469765125095
lognormal,2000,8,3,0.1607660193804439,1.0,1.0,90260930,0.7513887836567188,0.7510776821445225,0.7508248206678316,0.7504938178209659
lognormal,2000,9,1,0.1136787424882798,0.0,0.0,90260930,0.5890403655580991,0.5890911660781121,0.5891845386364202,0.5894989998679216
lognormal,2000,9,1,0.15,0.25,0.25,90260930,0.6425112872720704,0.6424876444381289,0.6425018889858553,0.6426440402263127
lognormal,2000,9,1,0.1607660193804439,0.5,0.5,90260930,0.6598116224176326,0.6597640000838678,0.6597528898762218,0.6598402058392862
lognormal,2000,9,2,0.1136787424882798,1.0,1.0,90260930,1.2039845991667069,1.203167629334618,1.2024504052906737,1.2013151945672167
lognormal,2000,9,2,0.15,1.0,1.0,90260930,1.115100938898235,1.1144317610080563,1.113846966961744,1.11293053040072
lognormal,2000,9,2,0.1607660193804439,1.0,1.0,90260930,1.0931601947038918,1.0925440950780814,1.0920064373677547,1.091166447693554
lognormal,2000,9,3,0.1136787424882798,1.0,1.0,90260930,0.5539113775897688,0.5535879532757569,0.553342417954778,0.5530850142919187
lognormal,2000,9,3,0.15,1.0,1.0,90260930,0.5988162698501679,0.59859480510892,0.5984431108568877,0.5983490338204693
lognormal,2000,9,3,0.1607660193804439,1.0,1.0,90260930,0.6139049250970161,0.613713525986598,0.6135888725556489,0.6135398027321572
lognormal,2000,10,1,0.1136787424882798,1.0,1.0,90260930,0.627723146290411,0.6273485904637081,0.6270919484704421,0.6269324059842206
lognormal,2000,10,1,0.15,1.0,1.0,90260930,0.6529436313666261,0.6526195901881747,0.6524083179316597,0.6523240801844393
lognormal,2000,10,1,0.1607660193804439,1.0,1.0,90260930,0.6619373539389718,0.6616287264374179,0.6614313202808475,0.6613701720026562
lognormal,2000,10,2,0.1136787424882798,0.0,0.0,90260930,1.192167579591582,1.192654670935736,1.1932107289744174,1.194529745135365
lognormal,2000,10,2,0.15,0.0,0.0,90260930,1.1727456974710573,1.1732704987037526,1.1738516923030384,1.1751832566013811
lognormal,2000,10,2,0.1607660193804439,0.0,0.0,90260930,1.1658596453815862,1.1663717012058368,1.1669374174570253,1.1682298312402155
lognormal,2000,10,3,0.1136787424882798,1.0,1.0,90260930,0.4811277296363787,0.4809959938009141,0.4808851006493889,0.4807258423981563
lognormal,2000,10,3,0.15,1.0,1.0,90260930,0.5150414960210992,0.5149250646388152,0.5148224551190002,0.5146587016667771
lognormal,2000,10,3,0.1607660193804439,1.0,1.0,90260930,0.526922155546965,0.5268134758082526,0.5267175296668459,0.5265638381759504
weibull,500,1,1,0.15,0.0,0.0,20260930,1.2999787536882554,1.3028736236900311,1.3062269502106283,1.3143089728082855
weibull,500,1,1,0.2121320343559642,0.0,0.0,20260930,1.2796581204925563,1.2819970205341205,1.2846677088715197,1.291004450433824
weibull,500,1,2,0.15,0.0,0.0,20260930,1.1822381485016462,1.1860669551004075,1.1911571486582573,1.2051216966512213
weibull,500,1,2,0.2121320343559642,0.0,0.0,20260930,1.0765548483153229,1.0803018204685244,1.085171125881898,1.0982767364891617
weibull,500,1,3,0.15,1.0,1.0,20260930,0.5544534551070648,0.5507846797641457,0.5478737982495039,0.5443257167050534
weibull,500,1,3,0.2121320343559642,1.0,1.0,20260930,0.5489428999801398,0.5451604904931053,0.5419533373208532,0.537264799920696
weibull,500,2,1,0.15,0.0,0.0,20260930,1.3148609946952774,1.319888318287895,1.3258072793468754,1.3403201138639214
weibull,500,2,1,0.2121320343559642,0.0,0.0,20260930,1.3007609635194346,1.3052950236853993,1.3105818213663991,1.3234136292735053
weibull,500,2,2,0.15,0.25,0.0,20260930,0.6453235122191955,0.6452274715154739,0.6460060013636109,0.6501867727154591
weibull,500,2,2,0.2121320343559642,0.25,0.0,20260930,0.6691536503378588,0.6686797607839531,0.6689002417760125,0.6714243153980265
weibull,500,2,3,0.15,0.0,0.0,20260930,1.462781672425867,1.4698506654539647,1.4782820684828502,1.4992321045429855
weibull,500,2,3,0.2121320343559642,0.0,0.0,20260930,1.4465194703734403,1.4529294989462824,1.460500702746525,1.4791266360292146
weibull,500,3,1,0.15,1.0,1.0,20260930,0.3882321926943482,0.3847731710624815,0.3819507050964886,0.3782154401621246
weibull,500,3,1,0.2121320343559642,1.0,1.0,20260930,0.4572008679439735,0.4538932257296475,0.4511265221706363,0.4472159310185585
weibull,500,3,2,0.15,0.5,0.5,20260930,0.8196502937363598,0.8190609551370649,0.8187415896406296,0.8189127779563383
weibull,500,3,2,0.2121320343559642,1.0,1.0,20260930,0.8363183634373818,0.8356294087990753,0.835183542143272,0.8350210727791753
weibull,500,3,3,0.15,0.0,0.0,20260930,1.1362815237224932,1.1372224724315554,1.1390726827926902,1.1455008884711788
weibull,500,3,3,0.2121320343559642,0.0,0.0,20260930,1.0739641692518005,1.0749798727443158,1.0768267630099964,1.0830141038608532
weibull,500,4,1,0.15,0.0,0.0,20260930,1.3698147841278363,1.3740596107655034,1.3788521795176938,1.390080543365645
weibull,500,4,1,0.2121320343559642,0.0,0.0,20260930,1.2813992961376646,1.2852814470220828,1.2896182634475273,1.2996558929214952
weibull,500,4,2,0.15,1.0,1.0,20260930,0.323704673368916,0.3201694711038226,0.3170274599040003,0.3119230107001686
weibull,500,4,2,0.2121320343559642,1.0,1.0,20260930,0.3936033639327843,0.3899047676433544,0.3864868591779682,0.3804931057193266
weibull,500,4,3,0.15,0.0,1.0,20260930,0.7566851876270453,0.7585223088195447,0.7613114060066362,0.7697455283645952
weibull,500,4,3,0.2121320343559642,0.0,1.0,20260930,0.8414378660956923,0.8438718954683072,0.8471031705330913,0.8559574577391661
weibull,500,5,1,0.15,0.5,0.0,20260930,0.7520010940761584,0.7512584625602085,0.7512301279999579,0.7533163497465554
weibull,500,5,1,0.2121320343559642,0.5,0.0,20260930,0.7859587132929391,0.7852108873720426,0.7851012454474712,0.786796513587304
weibull,500,5,2,0.15,0.0,0.0,20260930,1.160904636892967,1.1637109855876089,1.1671210957761948,1.1757526006351988
weibull,500,5,2,0.2121320343559642,0.0,0.0,20260930,1.120862672579135,1.123096082067144,1.125871421199476,1.1330478883971078
weibull,500,5,3,0.15,0.0,0.0,20260930,1.3316190948783326,1.3370352229212932,1.3439139518697825,1.362059212483348
weibull,500,5,3,0.2121320343559642,0.0,0.0,20260930,1.3175368628494106,1.3229521618883635,1.329616892442231,1.346694648094707
weibull,500,6,1,0.15,0.0,0.0,20260930,1.5574725795070508,1.5636502577660711,1.5706974990096378,1.5874006704504076
weibull,500,6,1,0.2121320343559642,0.0,0.0,20260930,1.446402077660183,1.4516121124501324,1.4575495647519812,1.4716067218913769
weibull,500,6,2,0.15,0.0,0.0,20260930,1.0854881181222344,1.0893838632393915,1.094630568524328,1.1091768595975402
weibull,500,6,2,0.2121320343559642,0.0,0.0,20260930,1.133479568848346,1.1378130986583854,1.14324686448297,1.157415104175772
weibull,500,6,3,0.15,0.0,0.0,20260930,1.387937901596613,1.3935260976154529,1.4003490448191205,1.4176991927809353
weibull,500,6,3,0.2121320343559642,0.0,0.0,20260930,1.2947825426995232,1.2999861077282495,1.3063688972854228,1.3226721499851095
weibull,500,7,1,0.15,1.0,1.0,20260930,0.3992845896340761,0.3955390789044858,0.3927538761185341,0.3900643943775464
weibull,500,7,1,0.2121320343559642,1.0,1.0,20260930,0.4937535742279451,0.4905215480702963,0.4880934638662828,0.4856491213191613
weibull,500,7,2,0.15,0.0,0.0,20260930,0.9885165150144244,0.9906982179069532,0.9941754130400484,1.005016280027938
weibull,500,7,2,0.2121320343559642,0.0,0.0,20260930,0.9452040893432324,0.947184821566692,0.9502201374804852,0.9594545203790732
weibull,500,7,3,0.15,0.0,0.0,20260930,0.97980558713168,0.9830933159067228,0.986894772729933,0.9960388705208562
weibull,500,7,3,0.2121320343559642,0.0,0.0,20260930,1.0348618283238051,1.038182272674964,1.041959102620004,1.0508819192917267
weibull,500,8,1,0.15,1.0,1.0,20260930,0.3300122042072539,0.3272360368447502,0.3251139600252627,0.3228320780153362
weibull,500,8,1,0.2121320343559642,1.0,1.0,20260930,0.4299754915500186,0.4275898562870158,0.4257823057557998,0.4239014588887281
weibull,500,8,2,0.15,0.0,1.0,20260930,0.8564678829109001,0.8565133648556923,0.857464860418025,0.8620858923953123
weibull,500,8,2,0.2121320343559642,0.0,1.0,20260930,0.9104311170819744,0.9111749434121148,0.9127267777592912,0.9182544705047528
weibull,500,8,3,0.15,0.5,0.5,20260930,0.7110460115529259,0.7101225463968347,0.7097824153004147,0.7108521552865888
weibull,500,8,3,0.2121320343559642,0.5,0.5,20260930,0.7407847447871294,0.7397484003991878,0.7392466320240376,0.739846823312111
weibull,500,9,1,0.15,0.25,0.0,20260930,0.8682380507945855,0.8678001361977986,0.8678484636033377,0.8694038444213931
weibull,500,9,1,0.2121320343559642,0.5,0.0,20260930,0.8620650896533781,0.8613760303800005,0.8611133057807906,0.8618668606048728
weibull,500,9,2,0.15,0.0,0.0,20260930,1.1896652297679855,1.1925602784651168,1.1967741113616035,1.209158129752645
weibull,500,9,2,0.2121320343559642,0.0,0.0,20260930,1.0970664740005005,1.100466722325233,1.1049997794724005,1.1174643202340409
weibull,500,9,3,0.15,0.25,0.5,20260930,0.7835530848285669,0.783156557765884,0.7834948340642404,0.7863757967440712
weibull,500,9,3,0.2121320343559642,0.25,0.0,20260930,0.8138356592326067,0.8136140614455082,0.8140138140333115,0.8166773703336239
weibull,500,10,1,0.15,0.0,0.0,20260930,0.4546060842111035,0.4546503784300819,0.455437074289967,0.4592376709324573
weibull,500,10,1,0.2121320343559642,0.0,0.0,20260930,0.6027406022851702,0.6037106253709456,0.6053619123453551,0.610708277960077
weibull,500,10,2,0.15,0.0,1.0,20260930,0.9809631821700356,0.9823852811960258,0.9843314908556998,0.9897962420760986
weibull,500,10,2,0.2121320343559642,0.0,1.0,20260930,0.9693365443973988,0.970283432859022,0.9716713589648088,0.9757703241088737
weibull,500,10,3,0.15,0.0,0.0,20260930,0.8078867940267088,0.8093806845789535,0.8121350048295755,0.8214249344259509
weibull,500,10,3,0.2121320343559642,0.0,0.0,20260930,0.818875696952041,0.8203187352382587,0.8229323577775703,0.8316713556154757
weibull,2000,1,1,0.1136787424882798,0.0,0.25,20260930,0.8761990064545324,0.8766369630179093,0.8775019658329183,0.8805131102178327
weibull,2000,1,1,0.15,0.0,0.25,20260930,0.8916151001820257,0.8920234163175125,0.8928410687792102,0.8957043826812388
weibull,2000,1,1,0.1607660193804439,0.0,0.5,20260930,0.8950170443906105,0.8954036767869218,0.8961889443065361,0.8989553847156732
weibull,2000,1,2,0.1136787424882798,0.25,0.5,20260930,0.5804706363180618,0.5798816713824443,0.5802412094407378,0.5838057945390577
weibull,2000,1,2,0.15,0.25,0.25,20260930,0.6308480413287213,0.6304904211989929,0.6310613660582223,0.634988950743555
weibull,2000,1,2,0.1607660193804439,0.25,0.25,20260930,0.6445244826484369,0.6442450342642839,0.6448672261507743,0.6488165307356859
weibull,2000,1,3,0.1136787424882798,0.25,0.5,20260930,0.6975732942415652,0.6968773808139282,0.697052547197513,0.7000161193983473
weibull,2000,1,3,0.15,0.25,0.5,20260930,0.7197465501484831,0.7189800057001681,0.7190434101812141,0.7216600659313903
weibull,2000,1,3,0.1607660193804439,0.25,0.5,20260930,0.725975342458473,0.7251925085336687,0.7252140027927668,0.7276699758626699
weibull,2000,2,1,0.1136787424882798,0.0,1.0,20260930,0.9812731228949232,0.9824771102512248,0.9840891458144264,0.98853736156153
weibull,2000,2,1,0.15,0.0,1.0,20260930,0.9744760882145228,0.97555224608032,0.9770619013649364,0.9813817041906272
weibull,2000,2,1,0.1607660193804439,0.0,1.0,20260930,0.9706759198372448,0.971686211105172,0.9731299605314452,0.9773178338590286
weibull,2000,2,2,0.1136787424882798,0.25,0.0,20260930,0.7836622459460483,0.783418662062812,0.7836584296456114,0.7855880192093169
weibull,2000,2,2,0.15,0.25,0.25,20260930,0.7918465295634958,0.7915928477995491,0.7918035983059752,0.7936183961299447
weibull,2000,2,2,0.1607660193804439,0.25,0.25,20260930,0.794875426574616,0.794610900443718,0.7948007019863526,0.7965432880922191
weibull,2000,2,3,0.1136787424882798,0.0,0.0,20260930,0.9939772542586284,0.99421820399563,0.9949032690813276,0.9976057452988094
weibull,2000,2,3,0.15,0.0,0.0,20260930,0.956179265763046,0.9561818222889388,0.9566428636757232,0.958940401031966
weibull,2000,2,3,0.1607660193804439,0.25,0.0,20260930,0.9462900194170456,0.94621841869168,0.9466037010578228,0.9487449150646308
weibull,2000,3,1,0.1136787424882798,0.25,1.0,20260930,0.8489279590723755,0.8486934189158152,0.8489900734557436,0.8511769666250661
weibull,2000,3,1,0.15,0.25,1.0,20260930,0.8428749885073785,0.8425167912153448,0.8427086043775923,0.8447422620649321
weibull,2000,3,1,0.1607660193804439,0.25,1.0,20260930,0.8400737957291667,0.8396811836165602,0.8398352442849643,0.8417833839648035
weibull,2000,3,2,0.1136787424882798,0.0,0.0,20260930,1.0813854934519018,1.0835445647279596,1.086162134867883,1.0927727717393274
weibull,2000,3,2,0.15,0.0,0.0,20260930,1.0764237902140783,1.078815838580455,1.0816923723965195,1.0888988963777142
weibull,2000,3,2,0.1607660193804439,0.0,0.0,20260930,1.074338150965754,1.0767623867546343,1.079673193685884,1.08695452097549
weibull,2000,3,3,0.1136787424882798,0.0,0.0,20260930,0.999401288206911,1.0000694492416318,1.001262904804323,1.0052256995136155
weibull,2000,3,3,0.15,0.0,0.0,20260930,1.0016843660037298,1.0025101445100266,1.0038518666119107,1.0080831416024394
weibull,2000,3,3,0.1607660193804439,0.0,0.0,20260930,1.0038760458990934,1.0047335555652668,1.006096829086198,1.0103406676923323
weibull,2000,4,1,0.1136787424882798,0.25,0.5,20260930,0.7613670144092967,0.760980757246897,0.7610112148394764,0.7623222742895729
weibull,2000,4,1,0.15,0.25,0.5,20260930,0.7743160769608154,0.7740122413835199,0.7740953231115335,0.7754222384834885
weibull,2000,4,1,0.1607660193804439,0.25,0.5,20260930,0.7791346535993221,0.7788547670334767,0.7789477030261087,0.7802520426868054
weibull,2000,4,2,0.1136787424882798,0.25,0.0,20260930,0.7903840120153643,0.7901843283809082,0.7902018388257699,0.7908884419534464
weibull,2000,4,2,0.15,0.5,0.0,20260930,0.7839784895896394,0.7837283102086443,0.7836723714410094,0.7841432157458205
weibull,2000,4,2,0.1607660193804439,0.5,0.0,20260930,0.784944579595619,0.7846823685643474,0.7846059786118041,0.7850106619429035
weibull,2000,4,3,0.1136787424882798,0.25,1.0,20260930,0.7603876847758151,0.7598084236829609,0.7598970846887215,0.7620781729960863
weibull,2000,4,3,0.15,0.5,1.0,20260930,0.7712323029554126,0.7705510951616724,0.7705403941946982,0.7725305127410478
weibull,2000,4,3,0.1607660193804439,0.5,1.0,20260930,0.7743089549515839,0.7735954818769141,0.7735448874327749,0.7754323344360884
weibull,2000,5,1,0.1136787424882798,0.0,0.5,20260930,1.061993977973094,1.06245287229126,1.0636808333386134,1.0684439556208825
weibull,2000,5,1,0.15,0.0,0.5,20260930,1.065533058563369,1.0662078847806242,1.0676280738023352,1.0727045402591242
weibull,2000,5,1,0.1607660193804439,0.0,0.25,20260930,1.0669505035333242,1.067675698694557,1.0691320975489902,1.074238506337457
weibull,2000,5,2,0.1136787424882798,0.0,0.0,20260930,0.9537852908704822,0.9542768549492086,0.9552442573089208,0.958606576871302
weibull,2000,5,2,0.15,0.0,0.0,20260930,0.9272545606537568,0.9276537189268936,0.9285097171511792,0.931592233453197
weibull,2000,5,2,0.1607660193804439,0.0,0.0,20260930,0.9220928724556032,0.9224512686358392,0.9232554686203668,0.9262012800022976
weibull,2000,5,3,0.1136787424882798,0.0,0.5,20260930,1.098126877721011,1.099251895060941,1.1006446185632746,1.1042331840551542
weibull,2000,5,3,0.15,0.0,0.5,20260930,1.0752353976064273,1.07629198884361,1.0776125544744477,1.081045608917087
weibull,2000,5,3,0.1607660193804439,0.0,1.0,20260930,1.069126407035088,1.07015157919208,1.0714373177963397,1.0747904943466595
weibull,2000,6,1,0.1136787424882798,0.0,0.5,20260930,0.9011406542485898,0.9012769339575892,0.902190157880532,0.90634743836825
weibull,2000,6,1,0.15,0.0,0.5,20260930,0.9109843771330788,0.9112218189431686,0.9122319397957068,0.9165702186281298
weibull,2000,6,1,0.1607660193804439,0.0,0.5,20260930,0.9144500943667544,0.9147131389610196,0.9157370358266088,0.9200673863717604
weibull,2000,6,2,0.1136787424882798,0.0,0.0,20260930,1.3106640851599567,1.3134263480398685,1.3167772740139516,1.3252451152446314
weibull,2000,6,2,0.15,0.0,0.0,20260930,1.2466626901923252,1.2493532543841843,1.252636920556945,1.2609835588451694
weibull,2000,6,2,0.1607660193804439,0.0,0.0,20260930,1.2314169497870195,1.2340528586173132,1.23727479343233,1.2454767410165344
weibull,2000,6,3,0.1136787424882798,0.0,1.0,20260930,0.8853949836269412,0.8855579797232316,0.8866503851206324,0.8916234238187669
weibull,2000,6,3,0.15,0.0,1.0,20260930,0.9035279084477894,0.9039560774455468,0.905300839136064,0.9107401405953786
weibull,2000,6,3,0.1607660193804439,0.0,0.5,20260930,0.9098001267761888,0.910298062026236,0.9116964189581332,0.917194397867478
weibull,2000,7,1,0.1136787424882798,0.0,0.0,20260930,0.991902079415653,0.9928980957609768,0.9949688787750288,1.0023347448093165
weibull,2000,7,1,0.15,0.0,0.0,20260930,0.9683152316924716,0.969359188473248,0.9714528806361008,0.9787894711080368
weibull,2000,7,1,0.1607660193804439,0.0,0.0,20260930,0.9628999083474608,0.96392729051703,0.965982254079592,0.9731749253836958
weibull,2000,7,2,0.1136787424882798,0.0,0.0,20260930,0.9291598612387904,0.9306489702140212,0.9331430388296464,0.9411460549820818
weibull,2000,7,2,0.15,0.0,0.0,20260930,0.9385465569361504,0.9402389004938608,0.9429496065447466,0.9514261061260432
weibull,2000,7,2,0.1607660193804439,0.0,0.0,20260930,0.9422414864567736,0.9439750671401658,0.94671646664883,0.9552227221419748
weibull,2000,7,3,0.1136787424882798,0.0,0.0,20260930,1.0672909437418556,1.0677390328219536,1.0693250820874862,1.075911061174857
weibull,2000,7,3,0.15,0.0,0.0,20260930,1.0449458227449315,1.0453678003231093,1.046916722425958,1.05339540020567
weibull,2000,7,3,0.1607660193804439,0.0,0.0,20260930,1.0402723173977773,1.0406986627412855,1.042230517632101,1.0486107560556546
weibull,2000,8,1,0.1136787424882798,0.5,1.0,20260930,0.7107376358589105,0.7090543897495665,0.7082930593248395,0.7095361455292377
weibull,2000,8,1,0.15,0.5,1.0,20260930,0.7241319477475624,0.7225671206133893,0.7219112021662891,0.7233260913333062
weibull,2000,8,1,0.1607660193804439,0.5,1.0,20260930,0.728740766507496,0.7272317433914058,0.7266156030589689,0.7280619707450551
weibull,2000,8,2,0.1136787424882798,0.5,1.0,20260930,0.6284970632807754,0.6266591446349801,0.6257494137973683,0.6267145155466952
weibull,2000,8,2,0.15,0.5,1.0,20260930,0.6532717008329739,0.651359285189768,0.6503845114181923,0.6512478894899297
weibull,2000,8,2,0.1607660193804439,0.5,1.0,20260930,0.6606638901197975,0.6587590993174185,0.6577817148006725,0.6586091646240803
weibull,2000,8,3,0.1136787424882798,0.0,0.0,20260930,1.108296275260858,1.1101051370680295,1.1126705877356124,1.1200712556520125
weibull,2000,8,3,0.15,0.0,0.0,20260930,1.0812086560498324,1.0829453281301835,1.0854285634156486,1.09263472360192
weibull,2000,8,3,0.1607660193804439,0.0,0.0,20260930,1.073391351105201,1.075080978324305,1.0775024390258403,1.0845408608762046
weibull,2000,9,1,0.1136787424882798,0.5,1.0,20260930,0.7336502347520045,0.7322807931411771,0.7315445953359397,0.7319719311422336
weibull,2000,9,1,0.15,0.5,1.0,20260930,0.7414463074663497,0.7399638596671364,0.7391011586081493,0.7392349967108535
weibull,2000,9,1,0.1607660193804439,0.5,1.0,20260930,0.7438780915172574,0.7423905679620912,0.7415105846317872,0.7415732386457654
weibull,2000,9,2,0.1136787424882798,0.5,0.5,20260930,0.8695251941874907,0.8678535008216759,0.8670267685075668,0.8679081870344669
weibull,2000,9,2,0.15,0.5,0.5,20260930,0.8640284709984799,0.8623572669830846,0.8615091023356771,0.8622818911448273
weibull,2000,9,2,0.1607660193804439,0.5,0.5,20260930,0.8641393675200213,0.8624937104991899,0.8616555145040846,0.8624015055910516
weibull,2000,9,3,0.1136787424882798,0.0,0.5,20260930,1.0224041426438877,1.0228847613481666,1.0241776268524767,1.029200098261191
weibull,2000,9,3,0.15,0.0,0.25,20260930,1.022288849579671,1.0229397778358094,1.024368632935564,1.029560123665922
weibull,2000,9,3,0.1607660193804439,0.0,0.0,20260930,1.0226802661073693,1.02337751969353,1.0248343149114314,1.0300265302424554
weibull,2000,10,1,0.1136787424882798,0.0,1.0,20260930,1.3549519354631805,1.356622041191948,1.358512730865978,1.3629558620498263
weibull,2000,10,1,0.15,0.0,1.0,20260930,1.282980374495801,1.2846319160323545,1.2865164646974552,1.2909845834132994
weibull,2000,10,1,0.1607660193804439,0.0,1.0,20260930,1.2614356737510108,1.2630538890421683,1.2649053778995134,1.2693081763127636
weibull,2000,10,2,0.1136787424882798,0.0,0.0,20260930,0.9907845179379292,0.9908191180421408,0.9914981707255937,0.9947896338302232
weibull,2000,10,2,0.15,0.0,0.0,20260930,0.9736012018923202,0.9736487339011088,0.9743239888997792,0.977557667866764
weibull,2000,10,2,0.1607660193804439,0.0,0.0,20260930,0.9706072093861768,0.9706602303600302,0.971330110771099,0.9745204499048832
weibull,2000,10,3,0.1136787424882798,0.0,0.0,20260930,0.9889693995530644,0.989549369679686,0.9905342266182998,0.9937186009315044
weibull,2000,10,3,0.15,0.0,0.0,20260930,0.9797593389075284,0.9803465157229962,0.9813217995117274,0.98443668800898
weibull,2000,10,3,0.1607660193804439,0.0,0.0,20260930,0.9767844590185688,0.9773640877227469,0.978327648546508,0.9814065665527784
