distribution,auctions,repetition,method,procedure,metric,difference
lognormal,500,1,Monotone fixed,Fixed bandwidth,estimate,0.0
lognormal,500,1,Monotone fixed,Fixed bandwidth,standard_error,6.938893903907228e-18
lognormal,500,1,Monotone fixed,Exact reserve,estimate,0.0
lognormal,500,1,Monotone fixed,Exact reserve,standard_error,1.3877787807814457e-17
lognormal,500,1,Monotone adaptive,Fixed bandwidth,estimate,0.0
lognormal,500,1,Monotone adaptive,Fixed bandwidth,standard_error,7.63278329429795e-17
lognormal,500,1,Monotone adaptive,Exact reserve,estimate,0.0
lognormal,500,1,Monotone adaptive,Exact reserve,standard_error,6.245004513516506e-17
lognormal,2000,1,Monotone fixed,Fixed bandwidth,estimate,0.0
lognormal,2000,1,Monotone fixed,Fixed bandwidth,standard_error,6.245004513516506e-17
lognormal,2000,1,Monotone fixed,Exact reserve,estimate,0.0
lognormal,2000,1,Monotone fixed,Exact reserve,standard_error,6.938893903907228e-18
lognormal,2000,1,Monotone adaptive,Fixed bandwidth,estimate,0.0
lognormal,2000,1,Monotone adaptive,Fixed bandwidth,standard_error,1.7347234759768068e-17
lognormal,2000,1,Monotone adaptive,Exact reserve,estimate,0.0
lognormal,2000,1,Monotone adaptive,Exact reserve,standard_error,2.7755575615628914e-17
weibull,500,1,Monotone fixed,Fixed bandwidth,estimate,0.0
weibull,500,1,Monotone fixed,Fixed bandwidth,standard_error,5.551115123125783e-17
weibull,500,1,Monotone fixed,Exact reserve,estimate,0.0
weibull,500,1,Monotone fixed,Exact reserve,standard_error,8.326672684688674e-17
weibull,500,1,Monotone adaptive,Fixed bandwidth,estimate,0.0
weibull,500,1,Monotone adaptive,Fixed bandwidth,standard_error,7.63278329429795e-17
weibull,500,1,Monotone adaptive,Exact reserve,estimate,0.0
weibull,500,1,Monotone adaptive,Exact reserve,standard_error,6.938893903907227e-17
weibull,2000,1,Monotone fixed,Fixed bandwidth,estimate,0.0
weibull,2000,1,Monotone fixed,Fixed bandwidth,standard_error,3.816391647148976e-17
weibull,2000,1,Monotone fixed,Exact reserve,estimate,0.0
weibull,2000,1,Monotone fixed,Exact reserve,standard_error,5.551115123125783e-17
weibull,2000,1,Monotone adaptive,Fixed bandwidth,estimate,0.0
weibull,2000,1,Monotone adaptive,Fixed bandwidth,standard_error,6.591949208711867e-17
weibull,2000,1,Monotone adaptive,Exact reserve,estimate,0.0
weibull,2000,1,Monotone adaptive,Exact reserve,standard_error,1.3877787807814457e-17
