distribution,auctions,procedure,method,repetitions,rmse,bias,coverage,coverage_low,coverage_high,interval_length,revenue_regret,missing_root_rate,multiple_root_rate
lognormal,500,Exact reserve,Empirical DML,10,0.059075331361832115,0.028226563381116086,0.9,0.5958436145024278,0.9821242504842788,0.18470678893724776,0.0002610935496112663,0.0,0.0
lognormal,500,Exact reserve,Initialization adaptive,10,0.05271714722018854,0.02212949823407583,0.9,0.5958436145024278,0.9821242504842788,0.18474035516974338,0.000194323316932708,0.0,0.0
lognormal,500,Exact reserve,Initialization fixed,10,0.057746687543428044,0.025546206294190556,0.9,0.5958436145024278,0.9821242504842788,0.1817319014054779,0.000246718863993286,0.0,0.0
lognormal,500,Exact reserve,Initialization matched,10,0.05212861206421653,0.020518576361751202,0.9,0.5958436145024278,0.9821242504842788,0.18325078964024916,0.00019136752607591825,0.0,0.0
lognormal,500,Exact reserve,Monotone adaptive,10,0.05254210611343758,0.021185755208827088,0.9,0.5958436145024278,0.9821242504842788,0.18257491111567162,0.00019209015204517928,0.0,0.0
lognormal,500,Exact reserve,Monotone fixed,10,0.0574577903378005,0.025524491711771437,0.9,0.5958436145024278,0.9821242504842788,0.1817794541854632,0.00024327329361819452,0.0,0.0
lognormal,500,Exact reserve,Smooth plug-in,10,0.05303261319862024,0.017623556086533848,0.9,0.5958436145024278,0.9821242504842788,0.1658556523461748,0.00019322790045536088,0.0,0.0
lognormal,500,Fixed bandwidth,Empirical DML,10,0.03618193675300102,-0.002548505655970302,0.9,0.5958436145024278,0.9821242504842788,0.12441110574167151,0.00033825853914834535,0.0,0.0
lognormal,500,Fixed bandwidth,Initialization adaptive,10,0.03528424476215625,-0.00621361294679124,1.0,0.7224598312333834,1.0,0.12349322460618424,0.00029278090406715157,0.0,0.0
lognormal,500,Fixed bandwidth,Initialization fixed,10,0.036576564199679105,-0.004077284930381041,0.9,0.5958436145024278,0.9821242504842788,0.12268187594377897,0.00032606737064932794,0.0,0.0
lognormal,500,Fixed bandwidth,Initialization matched,10,0.03549562030202576,-0.0068702814397659795,1.0,0.7224598312333834,1.0,0.12304382969641678,0.00028862567126291936,0.0,0.0
lognormal,500,Fixed bandwidth,Monotone adaptive,10,0.03579290482135373,-0.006310480962569471,0.9,0.5958436145024278,0.9821242504842788,0.12266943899117715,0.00029461790556292434,0.0,0.0
lognormal,500,Fixed bandwidth,Monotone fixed,10,0.03646260103406511,-0.004062722060124718,0.9,0.5958436145024278,0.9821242504842788,0.12270472717106999,0.0003249420411081584,0.0,0.0
lognormal,500,Fixed bandwidth,Smooth plug-in,10,0.036786097212510534,-0.00874913739480437,0.8,0.49015684672072335,0.9433190520193067,0.11341307080839898,0.00027955826505899326,0.0,0.0
lognormal,2000,Exact reserve,Empirical DML,10,0.033510111315410145,-0.0003662650848367907,0.9,0.5958436145024278,0.9821242504842788,0.13529956724996753,3.831936941010028e-05,0.0,0.0
lognormal,2000,Exact reserve,Initialization adaptive,10,0.03141927503614337,-0.0017857671753958714,0.9,0.5958436145024278,0.9821242504842788,0.1288923877754123,3.4803947052218107e-05,0.0,0.0
lognormal,2000,Exact reserve,Initialization fixed,10,0.03347687042086125,-0.0006755679147103386,0.9,0.5958436145024278,0.9821242504842788,0.13469368303046858,3.804388216104293e-05,0.0,0.0
lognormal,2000,Exact reserve,Initialization matched,10,0.031609996063757126,-0.0007936635331264715,0.9,0.5958436145024278,0.9821242504842788,0.13035812767387345,3.5346613168994335e-05,0.0,0.0
lognormal,2000,Exact reserve,Monotone adaptive,10,0.0317616284629853,-0.0009624849866836212,0.9,0.5958436145024278,0.9821242504842788,0.1306419076190178,3.5636514132090724e-05,0.0,0.0
lognormal,2000,Exact reserve,Monotone fixed,10,0.03351354235832053,-0.0006781425203307289,0.9,0.5958436145024278,0.9821242504842788,0.134723415827724,3.811115884597704e-05,0.0,0.0
lognormal,2000,Exact reserve,Smooth plug-in,10,0.03486406387449057,-0.00606100210122782,0.8,0.49015684672072335,0.9433190520193067,0.1286329750902922,3.717324895668005e-05,0.0,0.0
lognormal,2000,Fixed bandwidth,Empirical DML,10,0.017962999197585754,-0.008316296080543439,0.9,0.5958436145024278,0.9821242504842788,0.06599344287864764,0.00017019383028406458,0.0,0.0
lognormal,2000,Fixed bandwidth,Initialization adaptive,10,0.017130587999779807,-0.00828125084842395,0.9,0.5958436145024278,0.9821242504842788,0.06523027774831998,0.00016802484346583154,0.0,0.0
lognormal,2000,Fixed bandwidth,Initialization fixed,10,0.017939912494540845,-0.008362757964494049,0.9,0.5958436145024278,0.9821242504842788,0.06587989265799386,0.00016972811081691197,0.0,0.0
lognormal,2000,Fixed bandwidth,Initialization matched,10,0.017127878424299837,-0.00829351765622392,0.9,0.5958436145024278,0.9821242504842788,0.06525892985551063,0.00016791415234936155,0.0,0.0
lognormal,2000,Fixed bandwidth,Monotone adaptive,10,0.017159946103591433,-0.00828685776536628,0.9,0.5958436145024278,0.9821242504842788,0.06524576205971544,0.00016809320998749638,0.0,0.0
lognormal,2000,Fixed bandwidth,Monotone fixed,10,0.017948401202658663,-0.00836136182200522,0.9,0.5958436145024278,0.9821242504842788,0.06587537356635904,0.000169771013833533,0.0,0.0
lognormal,2000,Fixed bandwidth,Smooth plug-in,10,0.017186813356337968,-0.00919843979228672,0.9,0.5958436145024278,0.9821242504842788,0.06394797611701301,0.00016004770612074686,0.0,0.0
weibull,500,Exact reserve,Empirical DML,10,0.05294979093262473,-0.008762187482941282,0.9,0.5958436145024278,0.9821242504842788,0.22387703799871192,0.0003354409678254982,0.0,0.0
weibull,500,Exact reserve,Initialization adaptive,10,0.04862481775121508,0.011759961486761148,1.0,0.7224598312333834,1.0,0.2571267553118701,0.0003248303017172479,0.0,0.0
weibull,500,Exact reserve,Initialization fixed,10,0.05378470702444364,-0.00842459881689853,1.0,0.7224598312333834,1.0,0.23445615063711447,0.00034628380714697064,0.0,0.0
weibull,500,Exact reserve,Initialization matched,10,0.04851001377849041,0.01091100510805748,1.0,0.7224598312333834,1.0,0.26174929266442143,0.00032239757604896177,0.0,0.0
weibull,500,Exact reserve,Monotone adaptive,10,0.05124597100551044,-0.004746221679978729,1.0,0.7224598312333834,1.0,0.23749937230213186,0.00031272340980641677,0.0,0.0
weibull,500,Exact reserve,Monotone fixed,10,0.05343161663113455,-0.00921666026693979,1.0,0.7224598312333834,1.0,0.22950785000346627,0.00033794267081577536,0.0,0.0
weibull,500,Exact reserve,Smooth plug-in,10,0.050317064855727116,-0.01183014819965725,1.0,0.7224598312333834,1.0,0.21997975356380978,0.0002967396140894759,0.0,0.0
weibull,500,Fixed bandwidth,Empirical DML,10,0.03557101040628113,-0.011987122280587372,1.0,0.7224598312333834,1.0,0.15774398048770463,0.0003405258779844941,0.0,0.0
weibull,500,Fixed bandwidth,Initialization adaptive,10,0.030427084134083605,0.0019893509796206008,1.0,0.7224598312333834,1.0,0.17848060002453087,0.0004891830293506975,0.0,0.0
weibull,500,Fixed bandwidth,Initialization fixed,10,0.03582213937634254,-0.011615144674106018,1.0,0.7224598312333834,1.0,0.16384424505972292,0.00034937413989478977,0.0,0.0
weibull,500,Fixed bandwidth,Initialization matched,10,0.030004125013755798,0.0015203102242680705,1.0,0.7224598312333834,1.0,0.18089665283757328,0.00047720405607733305,0.0,0.0
weibull,500,Fixed bandwidth,Monotone adaptive,10,0.033591878514609305,-0.008847942106044603,1.0,0.7224598312333834,1.0,0.16571334509385646,0.0003614526725518091,0.0,0.0
weibull,500,Fixed bandwidth,Monotone fixed,10,0.03573560524091512,-0.01217935700044245,1.0,0.7224598312333834,1.0,0.16082613501280776,0.0003392765006431826,0.0,0.0
weibull,500,Fixed bandwidth,Smooth plug-in,10,0.0339366484088775,-0.01364241244802924,1.0,0.7224598312333834,1.0,0.1542752370587342,0.0002964897749517941,0.0,0.0
weibull,2000,Exact reserve,Empirical DML,10,0.0326621765831793,0.02514498506627259,0.9,0.5958436145024278,0.9821242504842788,0.13035099172736841,0.0001686461856050566,0.0,0.0
weibull,2000,Exact reserve,Initialization adaptive,10,0.03659099201639374,0.02754989415229781,0.9,0.5958436145024278,0.9821242504842788,0.13630714344540246,0.00021666215497701726,0.0,0.0
weibull,2000,Exact reserve,Initialization fixed,10,0.03270249923160964,0.025196097032343167,0.9,0.5958436145024278,0.9821242504842788,0.13207272178216162,0.0001691013719265332,0.0,0.0
weibull,2000,Exact reserve,Initialization matched,10,0.05852474421004548,0.0490008061943361,0.7,0.39677321997956516,0.892210712513788,0.14182610461656414,0.0006184930317829523,0.0,0.0
weibull,2000,Exact reserve,Monotone adaptive,10,0.03930418475591045,0.03154644604715437,0.9,0.5958436145024278,0.9821242504842788,0.13701420749825732,0.0002510452421785402,0.0,0.0
weibull,2000,Exact reserve,Monotone fixed,10,0.03268140168558105,0.02514132765645205,0.9,0.5958436145024278,0.9821242504842788,0.13116469625221328,0.00016882043093360981,0.0,0.0
weibull,2000,Exact reserve,Smooth plug-in,10,0.03279571476295718,0.02471716587013678,0.9,0.5958436145024278,0.9821242504842788,0.12903258022842565,0.00017037965768695415,0.0,0.0
weibull,2000,Fixed bandwidth,Empirical DML,10,0.014325590711429161,0.0017993102524667796,1.0,0.7224598312333834,1.0,0.0700390629166634,0.00035030653602018895,0.0,0.0
weibull,2000,Fixed bandwidth,Initialization adaptive,10,0.015978038129546897,0.0032974951018903,1.0,0.7224598312333834,1.0,0.0728496481631877,0.0003821099956579097,0.0,0.0
weibull,2000,Fixed bandwidth,Initialization fixed,10,0.014341153420568655,0.001825927122434761,1.0,0.7224598312333834,1.0,0.07068175119501773,0.0003507904599801328,0.0,0.0
weibull,2000,Fixed bandwidth,Initialization matched,10,0.022678841564016415,0.01162935740754916,0.9,0.5958436145024278,0.9821242504842788,0.07784448085511916,0.0005602399197137728,0.0,0.0
weibull,2000,Fixed bandwidth,Monotone adaptive,10,0.015430951356145776,0.0036247176159740395,1.0,0.7224598312333834,1.0,0.07293435919333725,0.00038332340443853667,0.0,0.0
weibull,2000,Fixed bandwidth,Monotone fixed,10,0.014373538126094113,0.0017846309206075203,1.0,0.7224598312333834,1.0,0.07030935341556542,0.0003503652548937755,0.0,0.0
weibull,2000,Fixed bandwidth,Smooth plug-in,10,0.014537568680723038,0.0015448246785594553,1.0,0.7224598312333834,1.0,0.06930170204209542,0.0003476524010110947,0.0,0.0
