distribution,auctions,repetition,fold,stage,evaluation_base_seed,cache_name,best_step,max_sample_difference,initialized_train_w1,trained_train_w1,initialized_holdout_w1,trained_holdout_w1
lognormal,500,1,1,inner,90260930,423d4bc360c5d2ce394694ff.npz,0,0.0,0.0259547691502895,0.0259547691502895,0.0998304339881671,0.0998304339881671
lognormal,500,1,1,outer,90260930,f90544a63f4ab7c6e907a066.npz,0,0.0,0.029980003377058,0.029980003377058,0.0909064167340641,0.0909064167340641
lognormal,500,1,2,inner,90260930,bcb151fcb08c6117208791b1.npz,0,0.0,0.0442506742719385,0.0442506742719385,0.0949134302009853,0.0949134302009853
lognormal,500,1,2,outer,90260930,b0c35064e422255d02d006db.npz,981,0.7616090774536133,0.0316356785231649,0.0290772994773419,0.1032719513443222,0.0957609689245259
lognormal,500,1,3,inner,90260930,a1fe23356928f7e6cd920873.npz,641,2.067227363586426,0.0551146681672207,0.0354414835835345,0.0355433163072209,0.046644965050217
lognormal,500,1,3,outer,90260930,3d1e0f5042381ad79a668e70.npz,1161,2.407144546508789,0.0406851173734656,0.0253281591310636,0.0328619349798058,0.0466953813050053
lognormal,500,2,1,inner,90260930,bc2deedd9dee46e3d7ba8678.npz,1161,0.821502685546875,0.0321737038869592,0.0306818330558646,0.0602534649906895,0.0524040075564191
lognormal,500,2,1,outer,90260930,797576ad7f4a89d412239183.npz,1181,0.6410894393920898,0.0273203361016076,0.0259115084231066,0.0697846513418732,0.0624852091965256
lognormal,500,2,2,inner,90260930,ea3f99b9f2f5bd12bbba6917.npz,821,0.3110370635986328,0.0359701867751523,0.0358814926432769,0.0560969679924469,0.053415036686072
lognormal,500,2,2,outer,90260930,5d39f1f70c3b15f3848f5278.npz,961,0.1718072891235351,0.0291795526153153,0.0284096671932826,0.0417047230001052,0.0420231043920842
lognormal,500,2,3,inner,90260930,01196a03538497e2aa238ff5.npz,821,0.6575908660888672,0.0385009098172672,0.0367154663338348,0.0698596534207264,0.070704535829119
lognormal,500,2,3,outer,90260930,8eb10a8f002835f63e1c4c5f.npz,381,0.128605842590332,0.0264946335163031,0.025839935492031,0.0526247482168857,0.0545515915383647
lognormal,500,3,1,inner,90260930,3990d078dab4dc0d8b4914d1.npz,1,0.0141582489013671,0.0304741287697894,0.0304495373711691,0.0525927870070421,0.0535982082919988
lognormal,500,3,1,outer,90260930,b11df04c46d55bd2333b0a23.npz,61,0.4351797103881836,0.0254912782218852,0.0221887741515801,0.0421841709237145,0.044245876451546
lognormal,500,3,2,inner,90260930,353c3329cb3fa1213b337fee.npz,81,0.5838565826416016,0.0306526107669075,0.0298772180442195,0.070937149687292,0.0708326215174824
lognormal,500,3,2,outer,90260930,6937d41df495837da23a8ad8.npz,681,0.1726655960083007,0.0260134957889055,0.0252287661574908,0.0796606836559793,0.0796183689639563
lognormal,500,3,3,inner,90260930,d891c71d3d9e9f07ea175683.npz,1081,1.6826295852661133,0.0419518565891194,0.0327205026187019,0.0911638477531688,0.0772726393167607
lognormal,500,3,3,outer,90260930,a43eda75be821b4592b39388.npz,1161,1.548259735107422,0.0401670857886868,0.0298655541983928,0.0806003143796202,0.0987663408776725
lognormal,500,4,1,inner,90260930,029f3754449a2eb3524384b7.npz,1,0.0152082443237304,0.0429714572325837,0.0428984771705399,0.1197447135625423,0.1210503490270366
lognormal,500,4,1,outer,90260930,b2efa724e0065c3fc6cbde14.npz,0,0.0,0.0298277897925566,0.0298277897925566,0.0830329025987911,0.0830329025987911
lognormal,500,4,2,inner,90260930,0c2beba4372f289c9c1fa598.npz,0,0.0,0.0437378060885036,0.0437378060885036,0.1192291434800534,0.1192291434800534
lognormal,500,4,2,outer,90260930,579a2a68f32e85471106bab1.npz,1,0.013136863708496,0.02979750988155,0.0296543377787356,0.0920195879316662,0.0908586864264895
lognormal,500,4,3,inner,90260930,d1fe66a7faa72251fd09e910.npz,0,0.0,0.0292758032760701,0.0292758032760701,0.154188567503353,0.154188567503353
lognormal,500,4,3,outer,90260930,5d041c4d84d5b669bbef1605.npz,901,1.1027746200561523,0.032787619717677,0.0261081239764697,0.1572704239500905,0.1546177558881926
lognormal,500,5,1,inner,90260930,6e792c02d8d6ec46db56df16.npz,601,0.4204854965209961,0.0278404613747853,0.0253764845882772,0.1220304187621372,0.1241473960249938
lognormal,500,5,1,outer,90260930,37fc9171630829c5cb5be566.npz,621,0.2690553665161133,0.0233607576504665,0.0218510731131307,0.1012424782333687,0.1043493325821778
lognormal,500,5,2,inner,90260930,ca9de5d46a186053fe2c4d1f.npz,801,0.3608484268188476,0.0325458844547537,0.029984492351468,0.0528223641253123,0.0502634238949363
lognormal,500,5,2,outer,90260930,e307886446edd7bc38c195a7.npz,341,0.3265905380249023,0.0297937188209534,0.0285703697880967,0.083889977985122,0.0758585984355437
lognormal,500,5,3,inner,90260930,41eb832dc8e73e816eac1df4.npz,181,0.1813364028930664,0.0225230866320846,0.0215728793824928,0.0510561048826313,0.0487732997188459
lognormal,500,5,3,outer,90260930,93b730105bfa437cd5a377d8.npz,1041,0.3713588714599609,0.0245258061540138,0.023510803670892,0.0544068007954827,0.0563093709856048
lognormal,500,6,1,inner,90260930,869ba38add1ce7b8a4031329.npz,961,0.4809350967407226,0.0351873468680022,0.0324222381421602,0.0615451915489938,0.0601272172431247
lognormal,500,6,1,outer,90260930,bcd1cdcfc2c8c8dbff043bed.npz,0,0.0,0.0266848071940937,0.0266848071940937,0.0650272463374313,0.0650272463374313
lognormal,500,6,2,inner,90260930,dd86ad6041d3b27478aef522.npz,1101,0.9049892425537108,0.0410217336627531,0.0339634296064229,0.0814297345717719,0.0991751535171277
lognormal,500,6,2,outer,90260930,2d68640a09c33342a5ac8a98.npz,1101,0.961444854736328,0.0336841127580681,0.0272065888352056,0.0747246085699258,0.0871112683288816
lognormal,500,6,3,inner,90260930,4bd0c67074554146bd08292c.npz,0,0.0,0.0322499780083308,0.0322499780083308,0.0544032238704556,0.0544032238704556
lognormal,500,6,3,outer,90260930,be56cf881da7db6612bc20e1.npz,621,0.1793603897094726,0.0282923666546266,0.0282886032269843,0.0818086497432441,0.0844242135822209
lognormal,500,7,1,inner,90260930,9fd81e2b2a96529818e53bbb.npz,1,0.0136489868164062,0.0379775918406957,0.0377813180972912,0.0593427561772877,0.059031992278066
lognormal,500,7,1,outer,90260930,f11b7c5a8449e7234be83edb.npz,841,0.9975919723510742,0.036662454902271,0.0302457356141458,0.0645360724592765,0.0614478880329696
lognormal,500,7,2,inner,90260930,91fc0f0e78fa60550af74c1d.npz,1141,1.0442819595336914,0.0358564591059004,0.0337863114876676,0.075228779220929,0.0731701490288209
lognormal,500,7,2,outer,90260930,2e3c2916bbc28abf63ac9ec5.npz,1,0.0142326354980468,0.0298721118555339,0.029757613535519,0.0518477401791241,0.0513085916745124
lognormal,500,7,3,inner,90260930,7bec711987d12f3b23c26e62.npz,741,0.3442020416259765,0.0300373057707352,0.0294652108116995,0.0781869328686812,0.0857358077643383
lognormal,500,7,3,outer,90260930,2cf8f29fe42135c6d67fe4c1.npz,0,0.0,0.025951144104103,0.025951144104103,0.0694219049345101,0.0694219049345101
lognormal,500,8,1,inner,90260930,b0cbc00bd944f96418ed3dea.npz,1121,2.132765769958496,0.0426949495788147,0.0335584509997059,0.1120939059386094,0.0933941186758589
lognormal,500,8,1,outer,90260930,ede1829b1fff1f0605cf4231.npz,1,0.0140142440795898,0.0451063739569406,0.0450774776609004,0.0727190709495916,0.0715758682314851
lognormal,500,8,2,inner,90260930,060d3ca10c83368ae05a0fa2.npz,1161,1.5794992446899414,0.0479324830532817,0.0397962335454837,0.1142301858917486,0.0942413354323804
lognormal,500,8,2,outer,90260930,5679e33a1b88716cacb91e76.npz,1081,0.9875240325927734,0.03377738615666,0.0269833964260205,0.1206739135582202,0.1094971355621425
lognormal,500,8,3,inner,90260930,425567be3ff547e5f3705929.npz,1101,1.7658586502075195,0.0658437257810003,0.0516700836525127,0.0822000243307406,0.0892199736257053
lognormal,500,8,3,outer,90260930,c484851aaa8c9a7eed97d77a.npz,861,3.3418703079223633,0.065595481641496,0.034393764381594,0.0530505035738964,0.0698920981372477
lognormal,500,9,1,inner,90260930,2b058c0f2d41047c9424cfa4.npz,0,0.0,0.024349531430772,0.024349531430772,0.0752786980358364,0.0752786980358364
lognormal,500,9,1,outer,90260930,dcc2fa37551606e1455c711e.npz,181,0.1198263168334961,0.0247832212449675,0.0244932777095563,0.0886187555104069,0.0895278304055791
lognormal,500,9,2,inner,90260930,0b3c8e04ac57593dcfe0b2b6.npz,841,0.1747379302978515,0.029917465834899,0.029715020780281,0.0787654439178151,0.0780684313125147
lognormal,500,9,2,outer,90260930,438e7e2f573d3c81f22ef4ba.npz,0,0.0,0.0322698256207015,0.0322698256207015,0.0605111839645863,0.0605111839645863
lognormal,500,9,3,inner,90260930,8c52fede12900d31217effb4.npz,1021,0.5247697830200195,0.0431008554045767,0.039800316009981,0.082496540456589,0.0937374542352458
lognormal,500,9,3,outer,90260930,a52165c013886a7474c4666b.npz,0,0.0,0.0336323894004248,0.0336323894004248,0.0782429188579279,0.0782429188579279
lognormal,500,10,1,inner,90260930,44fbda2f2df3846de0ab847c.npz,1141,1.6614742279052734,0.0377979542567053,0.0353270311041604,0.0906906108756857,0.0880932115233616
lognormal,500,10,1,outer,90260930,fdb8bbbd29a734ec89d2665e.npz,1141,1.6172380447387695,0.0383110993689007,0.030376011775449,0.0912063234469475,0.0854452626010263
lognormal,500,10,2,inner,90260930,791fe0621ac7fa8850e8861d.npz,781,0.9184274673461914,0.0337887721205675,0.0322869807679717,0.0653097783645354,0.0744695594248922
lognormal,500,10,2,outer,90260930,51f2ea5f03b5f852f7ebfe4b.npz,181,0.0731067657470703,0.0304954139389239,0.030158906486824,0.0600061443183383,0.0620089091906118
lognormal,500,10,3,inner,90260930,801e3d153705b91ec472ed36.npz,201,0.2100172042846679,0.0427043828843831,0.0420804247161966,0.0500250010495591,0.045798373735234
lognormal,500,10,3,outer,90260930,cd4d253d79f0c16d3313b48e.npz,1181,0.0815858840942382,0.0390640614782455,0.0362140630994432,0.0521806275713517,0.0464464485437685
lognormal,2000,1,1,inner,90260930,eba0416649d15a23f2bd520b.npz,1001,0.0272655487060546,0.0171172119836877,0.0169729989908071,0.0526669942212066,0.0515427255734032
lognormal,2000,1,1,outer,90260930,46e3edecd31285de5af9463d.npz,1041,0.444467544555664,0.0173843395301235,0.013640036185484,0.0504445577706065,0.0548572825261972
lognormal,2000,1,2,inner,90260930,db8aafa6719c8d5567505230.npz,0,0.0,0.0177330342747809,0.0177330342747809,0.044087858026113,0.044087858026113
lognormal,2000,1,2,outer,90260930,f22c8d5758cb49eb238377bb.npz,381,0.155552864074707,0.0134397747126787,0.0131537134685239,0.0439007124751056,0.0427007983131201
lognormal,2000,1,3,inner,90260930,86177dd14a9dd6e30d92d37b.npz,621,0.9574193954467772,0.0260354095212283,0.0223484905347016,0.029183304145334,0.016568201908432
lognormal,2000,1,3,outer,90260930,7646be71e57fffe82dd39524.npz,561,0.6191682815551758,0.018249488276844,0.0140948876654987,0.028939687029766,0.0204816394235099
lognormal,2000,2,1,inner,90260930,a7bb7938c9e0b0c04db1d99f.npz,0,0.0,0.016442122320176,0.016442122320176,0.04011951593921,0.04011951593921
lognormal,2000,2,1,outer,90260930,42622d8ac5bfa864b40c5ed6.npz,1181,0.1518001556396484,0.0179735868788425,0.016652648234832,0.0401648823283594,0.0393517819983
lognormal,2000,2,2,inner,90260930,e52bc5da8e609ddf580b6e97.npz,1,0.0023012161254882,0.0173774126193682,0.0173752257149235,0.0284402115136306,0.027958627978121
lognormal,2000,2,2,outer,90260930,47c0f7c1c6ec3e626f600a3a.npz,0,0.0,0.0174458389707339,0.0174458389707339,0.0357387588582391,0.0357387588582391
lognormal,2000,2,3,inner,90260930,cfe9d11f385abc5ebf1aa654.npz,801,0.1053676605224609,0.0131441992660894,0.012878316642517,0.0465825607204972,0.0451753999881557
lognormal,2000,2,3,outer,90260930,42b9520527221cc77ff5ac86.npz,0,0.0,0.0142133667585987,0.0142133667585987,0.0434834929099356,0.0434834929099356
lognormal,2000,3,1,inner,90260930,ac4633a28efdba083ff0779e.npz,381,0.3445892333984375,0.0214944710457468,0.0194180423264238,0.0203121918930449,0.0215063889496183
lognormal,2000,3,1,outer,90260930,2f728ff8deece5b4c21a8f9d.npz,861,0.8124914169311523,0.0159765820174208,0.0152275662189634,0.0219457206466403,0.0181499064741471
lognormal,2000,3,2,inner,90260930,dbe695875e00f6160481b680.npz,0,0.0,0.0171024566142477,0.0171024566142477,0.0397674334407718,0.0397674334407718
lognormal,2000,3,2,outer,90260930,5fab3f30cc38aacca7443091.npz,1,0.0123758316040039,0.0112163213930171,0.0112018349900837,0.0470316451175625,0.0473803758173009
lognormal,2000,3,3,inner,90260930,5a9fa7704934b7eef86e2d08.npz,1181,0.7460145950317383,0.0200661175970145,0.0165388393727811,0.0537785112981108,0.0645935224411288
lognormal,2000,3,3,outer,90260930,a8d3bfd39ccdbb4024aa7aac.npz,941,0.7980337142944336,0.0183470716821884,0.0145335505353086,0.0460163568325584,0.0591718234845076
lognormal,2000,4,1,inner,90260930,7d19e496a710ef61310ca1cd.npz,381,0.0072832107543945,0.0140754609239201,0.0138628327125497,0.0454459206752402,0.0461949024255706
lognormal,2000,4,1,outer,90260930,4b00f46a3b8f95e093f097c5.npz,1021,0.3340091705322265,0.0148447909513711,0.0130611653011208,0.0333106819388346,0.0344641134496889
lognormal,2000,4,2,inner,90260930,efbe94505b0ae7d38f97c174.npz,1021,0.0978841781616211,0.0136519208789546,0.0134951631927373,0.0705435263202722,0.0720282144093526
lognormal,2000,4,2,outer,90260930,c27cab8e096359bc556f4e5f.npz,0,0.0,0.0115127155812207,0.0115127155812207,0.0656686005853415,0.0656686005853415
lognormal,2000,4,3,inner,90260930,52995340398c9572c8ea347f.npz,0,0.0,0.0270668449954092,0.0270668449954092,0.0264490323816398,0.0264490323816398
lognormal,2000,4,3,outer,90260930,9b4f5943b6b4828850c60d1f.npz,1061,0.6810836791992188,0.0265414403899631,0.0228905880614818,0.0271892541325918,0.0323332703557996
lognormal,2000,5,1,inner,90260930,70e1c59215e72062d901c483.npz,0,0.0,0.0303025764316806,0.0303025764316806,0.0715474253029158,0.0715474253029158
lognormal,2000,5,1,outer,90260930,7ecb64daab03ff4c5c4f17ee.npz,341,0.2824115753173828,0.0228153766701133,0.0221831228276133,0.051438655028047,0.0483273765447989
lognormal,2000,5,2,inner,90260930,ae2d4b223184ef0032266196.npz,941,0.1267871856689453,0.0241562735124959,0.0233745338610407,0.0339227263015632,0.0337489725890176
lognormal,2000,5,2,outer,90260930,b712121717024fa1986b94cb.npz,0,0.0,0.0237709705169244,0.0237709705169244,0.0303309683664917,0.0303309683664917
lognormal,2000,5,3,inner,90260930,d38074e97eab4956fe3cd0c0.npz,1,0.0136690139770507,0.0245338724523148,0.0242663784654508,0.0550425922939262,0.0563660906689628
lognormal,2000,5,3,outer,90260930,a20e4079a3115902e41d81e3.npz,821,0.3409938812255859,0.0155591266072952,0.0150698322712533,0.0495250946998312,0.0507908890300229
lognormal,2000,6,1,inner,90260930,a14b5020449b8bbe3cce604d.npz,1200,0.3861446380615234,0.0182966428601672,0.016280086332561,0.0473599279107308,0.0491142460798976
lognormal,2000,6,1,outer,90260930,da3b5fa5b3de23a1238a13c4.npz,541,0.0622720718383789,0.0202412622327745,0.0193120721591559,0.0468235477588919,0.0490118372268182
lognormal,2000,6,2,inner,90260930,f47709f92b64173375b2fb94.npz,1161,0.2746562957763672,0.0229254161199863,0.0219330735761588,0.0320863303615577,0.02680471796197
lognormal,2000,6,2,outer,90260930,1e0ed6aff5dafb80c7f52341.npz,1121,0.3190040588378906,0.0161079371654785,0.0156391594046051,0.0327547145849313,0.0301408120977756
lognormal,2000,6,3,inner,90260930,6a2224c068c335f9fc770f67.npz,741,0.8593826293945312,0.0209684655682303,0.0189488636889329,0.038375142443676,0.0306582835819982
lognormal,2000,6,3,outer,90260930,42ec71ac2c7d4645a671e68b.npz,861,0.6712274551391602,0.0211494886705777,0.0175342904816855,0.0391282777418368,0.0320938358533366
lognormal,2000,7,1,inner,90260930,42e086940884f37e27638e21.npz,0,0.0,0.0187479517693194,0.0187479517693194,0.0533786746308591,0.0533786746308591
lognormal,2000,7,1,outer,90260930,64438031979585cd8f01f2cf.npz,1001,0.075479507446289,0.0145175995042824,0.0144700106729443,0.0489756392574255,0.0508284001175289
lognormal,2000,7,2,inner,90260930,7f3ef3daefe790625bf10f12.npz,981,0.1572093963623047,0.0141599395580933,0.0139303015580597,0.0362129098924843,0.0385402573071635
lognormal,2000,7,2,outer,90260930,0b52455023f662277496d31f.npz,0,0.0,0.013357705241459,0.013357705241459,0.0433210707200864,0.0433210707200864
lognormal,2000,7,3,inner,90260930,13b3a0397462f3620dff0438.npz,1,0.0125722885131835,0.0179861609811647,0.0179675455850844,0.0756160381984953,0.0742633772680351
lognormal,2000,7,3,outer,90260930,5b50886124341edce745e767.npz,0,0.0,0.0156426824921721,0.0156426824921721,0.0625726401586362,0.0625726401586362
lognormal,2000,8,1,inner,90260930,fb45ca13384c4874f0b39e0e.npz,541,0.1694355010986328,0.0144349499893944,0.013932521580814,0.0211154527337412,0.0210045816265714
lognormal,2000,8,1,outer,90260930,0f3b8cc22494c8d4c0976a90.npz,0,0.0,0.0131549147855234,0.0131549147855234,0.0221715854985719,0.0221715854985719
lognormal,2000,8,2,inner,90260930,7a0a8166a0d577ceaca046bf.npz,1,0.0039634704589843,0.0145316527513013,0.0145236888696064,0.0365071956177379,0.0367121936222023
lognormal,2000,8,2,outer,90260930,60a19de5b513da8fe5b96d4d.npz,381,0.0991783142089843,0.014208344959036,0.0140151672130911,0.0312679986863132,0.02979824021555
lognormal,2000,8,3,inner,90260930,2aacafc5bf477d61a8db28a9.npz,0,0.0,0.0191556036603828,0.0191556036603828,0.0287855252086491,0.0287855252086491
lognormal,2000,8,3,outer,90260930,af9e515e7a19ad2831a1d5e7.npz,361,0.0906591415405273,0.0142353416144837,0.0138295480586707,0.0287560844383137,0.0292938124457015
lognormal,2000,9,1,inner,90260930,96acbea89479e05ac56fd701.npz,1,0.0146894454956054,0.0184823181786843,0.0184630818781703,0.0426403591995003,0.0429545103258977
lognormal,2000,9,1,outer,90260930,6b7692f45353095413e5b08d.npz,0,0.0,0.0178643335081605,0.0178643335081605,0.051472325074157,0.051472325074157
lognormal,2000,9,2,inner,90260930,3e303e0cbd30177c0c26bbbd.npz,561,0.3938245773315429,0.0310541761896413,0.0288874267508293,0.0437746227212638,0.0531175907982599
lognormal,2000,9,2,outer,90260930,799933b93145f256787f08a1.npz,0,0.0,0.0221379352306937,0.0221379352306937,0.0394493114156891,0.0394493114156891
lognormal,2000,9,3,inner,90260930,0c43b49a5da601d3c4144e88.npz,601,0.1903848648071289,0.0205527664098709,0.0191813324297883,0.0350626146070866,0.0346400715975988
lognormal,2000,9,3,outer,90260930,b973fa713e56d2ba06aaf25d.npz,581,0.0356264114379882,0.0153813814056882,0.0146457807025934,0.03674422434718,0.0362362574360416
lognormal,2000,10,1,inner,90260930,30570612b1e58b47dad3a24e.npz,1,0.0130138397216796,0.0190061619036819,0.0188355826798012,0.0352274244952787,0.0346510079369283
lognormal,2000,10,1,outer,90260930,047e696acc1da099fc300ef5.npz,741,0.2446575164794922,0.0163313186032176,0.0153810091844973,0.0466041298420655,0.0437872522802543
lognormal,2000,10,2,inner,90260930,9b88eb565ac82b03bcf146dd.npz,161,0.1118078231811523,0.0323475176624877,0.0314501037551825,0.0249501287261261,0.0235274052178271
lognormal,2000,10,2,outer,90260930,91673b5ebaf4cb4eecb8f01a.npz,721,0.5278816223144531,0.024022859211728,0.0217586900561258,0.0238093900055315,0.0252732179889132
lognormal,2000,10,3,inner,90260930,a69a8e04cde21115278f3007.npz,701,0.4702653884887695,0.0193397779941865,0.0170723850925409,0.035952396013219,0.0345843999646336
lognormal,2000,10,3,outer,90260930,4aa29e0c9e8fe7197c99a791.npz,1,0.0123205184936523,0.0174204679541495,0.017346344787419,0.0373756328571678,0.0366906164710134
weibull,500,1,1,inner,20260930,638fc0d6e891b4f87fae1291.npz,601,1.4603757858276367,0.0426240833084373,0.0327157321252695,0.1357792032072881,0.1203421493256155
weibull,500,1,1,outer,20260930,396daffc089ff3fe549488d5.npz,581,1.5824503898620603,0.0517766484802088,0.0288976398501437,0.1030108848323268,0.0935598944003282
weibull,500,1,2,inner,20260930,d8064eb80696fdab04be968f.npz,861,3.0498032569885254,0.086071946329471,0.0263732432619703,0.0968219067180969,0.0873458810502232
weibull,500,1,2,outer,20260930,ad04ff459f6fc94fe8cdb924.npz,701,2.23284912109375,0.0749550085313355,0.0353294531794801,0.0904016196472827,0.0795276401632797
weibull,500,1,3,inner,20260930,513e2541df9edbf9fd185af5.npz,801,2.166943073272705,0.0579391089476975,0.0267082220895131,0.1414900123030755,0.1248988180766797
weibull,500,1,3,outer,20260930,7d7e6702e3decf8834fc8b26.npz,621,1.2230424880981443,0.0508708967576374,0.0302651474375846,0.1192319138943625,0.1114292369918752
weibull,500,2,1,inner,20260930,faef69c7100b37d0f65441ea.npz,801,2.1797356605529785,0.0593939727140422,0.0236383102979486,0.0803230844827402,0.076202754120075
weibull,500,2,1,outer,20260930,56cf346d56e8ad2ea5e60e5d.npz,881,2.545199394226074,0.0685859642575942,0.0232300220984292,0.0769067875682282,0.0726745448654147
weibull,500,2,2,inner,20260930,1c3aa258ad6ca9c397815541.npz,821,1.356276035308838,0.0420088859196613,0.0293177879561149,0.1047644545954434,0.0719971503761086
weibull,500,2,2,outer,20260930,cef610b45d5b5eb7f90fb8fb.npz,581,1.0817947387695312,0.041303882829148,0.0307389403162527,0.0996007639342076,0.0750721769940316
weibull,500,2,3,inner,20260930,57cb2d45b800704bc2bfcdb0.npz,761,1.8551855087280271,0.0579520332962888,0.0251588427283801,0.0470492662314989,0.0506716150860922
weibull,500,2,3,outer,20260930,4c21e1749d8ec2eed1c83e7d.npz,781,2.005537986755371,0.0651576343858178,0.0263516402085347,0.0568776059150858,0.0540030314431961
weibull,500,3,1,inner,20260930,378f8fa4ab563bab36ac9051.npz,801,2.038776397705078,0.051588238847698,0.0255973039210221,0.0968369936187358,0.0775770665743501
weibull,500,3,1,outer,20260930,a7e975d722aceb001305d701.npz,681,1.624650001525879,0.0421914651198109,0.0256393463767293,0.099415251730847,0.0907707350820338
weibull,500,3,2,inner,20260930,e1e367c7898bed5a2bd69655.npz,741,2.44350528717041,0.0623897652378261,0.0380038366146991,0.0865593418924146,0.0554654933147445
weibull,500,3,2,outer,20260930,b2756f1d78174fe254534dd0.npz,681,3.342740058898926,0.0661845975849228,0.0274610667138488,0.0886726787625227,0.0550008849275083
weibull,500,3,3,inner,20260930,b3491eb8bc2f612271e16270.npz,881,3.271028995513916,0.0781461642179949,0.0342015160698021,0.0986008116185111,0.0741980658168544
weibull,500,3,3,outer,20260930,3e99f692e5a4c68d6e713147.npz,1,0.0156097412109375,0.0796026351218087,0.0795348849733519,0.1052103782465293,0.1058643371785526
weibull,500,4,1,inner,20260930,c887d2878aa35c28ef700de1.npz,781,2.210951805114746,0.0534664129811144,0.0325981708605221,0.1142166476882831,0.0997247292074094
weibull,500,4,1,outer,20260930,05834f9d3c5de88505e67376.npz,1,0.0156917572021484,0.0701838505199202,0.0701456418045622,0.1063095589471171,0.1050405249566518
weibull,500,4,2,inner,20260930,684d4eb031d491ba20e980e5.npz,661,2.368265151977539,0.0600152378200784,0.0349845955104653,0.087114357377803,0.0553526247014185
weibull,500,4,2,outer,20260930,2ae3fd3530e5845250a36f21.npz,741,2.589448928833008,0.0568967693273502,0.032072563419043,0.075982708506119,0.0393329293509678
weibull,500,4,3,inner,20260930,cc935c353693e500c2fa273c.npz,1081,3.507551670074463,0.0822684352239783,0.0321096129098801,0.086673619752294,0.0635695826130174
weibull,500,4,3,outer,20260930,8789163a563da9eeaad4bc23.npz,881,2.6326117515563965,0.061419100117693,0.034570401435537,0.101064196341525,0.0910762909067831
weibull,500,5,1,inner,20260930,4678c2f5cfb3f39c06d330fa.npz,1041,3.36879825592041,0.0753028884974765,0.0247595295446017,0.1255984110664934,0.0895467586872943
weibull,500,5,1,outer,20260930,c97173a432525e21604683ad.npz,961,3.013174057006836,0.0677292398534776,0.0272677090484654,0.1214845630060249,0.0806961249414326
weibull,500,5,2,inner,20260930,bd3dac1f5ea0c892821bc60f.npz,241,0.0568923950195312,0.0745229012054002,0.0737627457009229,0.0916556100647886,0.0924989236265189
weibull,500,5,2,outer,20260930,935e38c58ffc6e74f0f7dbfb.npz,781,2.2617578506469727,0.0784169513276542,0.0340555408222656,0.0890803684094209,0.0756137537028195
weibull,500,5,3,inner,20260930,ca65d321d629d44d84026cff.npz,761,2.0179944038391113,0.0666378563339424,0.0287241747410476,0.0817681952115342,0.0573631476813091
weibull,500,5,3,outer,20260930,8d77447f05551677e2603090.npz,781,2.9902868270874023,0.0799276510928936,0.0217001415554065,0.0752170129998363,0.0454261207740687
weibull,500,6,1,inner,20260930,48392aa96233a8d9341bcd84.npz,821,1.2387127876281738,0.0447470615998787,0.0291635029992737,0.0928301758225409,0.0751075118277973
weibull,500,6,1,outer,20260930,09a0de9b20de67f200f12a65.npz,201,0.1101131439208984,0.045896237586157,0.0454602508516668,0.1047331916814514,0.09616876535908
weibull,500,6,2,inner,20260930,632879ba4ccd67bad79e40fe.npz,681,1.327505588531494,0.0486087767614482,0.0341754511106643,0.0872671457195216,0.0713258171029118
weibull,500,6,2,outer,20260930,048d59de07203a5cf4506729.npz,801,1.498219013214111,0.0536968824814439,0.0238394337730584,0.102465473228035,0.0804548369988849
weibull,500,6,3,inner,20260930,e40de3cdbddac35ace9ce78b.npz,981,2.386185646057129,0.0749205113489506,0.0197788665265056,0.1758950013792794,0.1705569275142073
weibull,500,6,3,outer,20260930,6eb1cf5a15f23ace5c4752f8.npz,321,0.7531795501708984,0.0744667994610835,0.0658071421478363,0.1661547829862585,0.1417724601088014
weibull,500,7,1,inner,20260930,53d2dcab93c1f051552d5c7f.npz,801,2.7498326301574707,0.0689597364505048,0.037824779000041,0.0901115504587979,0.0582334983718925
weibull,500,7,1,outer,20260930,64b3a73e72bfedfa6c1ed37f.npz,781,2.0261926651000977,0.0560796192681042,0.0279957821728474,0.0878675215773627,0.0735206692779985
weibull,500,7,2,inner,20260930,871a0b732b65eed238c2029a.npz,741,2.20592737197876,0.0634169777559345,0.0446382662537482,0.1043362202125422,0.0848080481989753
weibull,500,7,2,outer,20260930,75822a39850b7267a31be4b4.npz,621,2.0401744842529297,0.0595460438317651,0.0368770083453793,0.0867051129808314,0.0787175941848558
weibull,500,7,3,inner,20260930,db67b950594a3ab08a1a3d69.npz,701,2.4693679809570312,0.0646924220434723,0.0357774416611016,0.130361949849966,0.0999782127062665
weibull,500,7,3,outer,20260930,b0c8049141b0990dded373e2.npz,661,2.8719425201416016,0.0695749613046188,0.0276958827966284,0.1269616751148733,0.0791462571098265
weibull,500,8,1,inner,20260930,575fd9e174695719552e79dc.npz,641,2.642423629760742,0.0551526702159801,0.0266663188659764,0.0589690891565188,0.0367472409081988
weibull,500,8,1,outer,20260930,3c514d274bb66d116af227a2.npz,681,2.074747085571289,0.0567202573092286,0.0313077786351865,0.0625539381089155,0.0493494939092145
weibull,500,8,2,inner,20260930,61dcbe0e5b64d4ffe4dc5112.npz,901,3.176414966583252,0.071564076189001,0.0226008655721895,0.0698095902475863,0.0499029497884769
weibull,500,8,2,outer,20260930,e4c6e94c703c88deb81126a8.npz,741,2.428677558898926,0.0678876402084652,0.0298740571113731,0.059153771059717,0.0441732357636259
weibull,500,8,3,inner,20260930,4aa5c21e94f5a45c3a0a306d.npz,0,0.0,0.0650900626105932,0.0650900626105932,0.0994570432443088,0.0994570432443088
weibull,500,8,3,outer,20260930,0d80d7025141ce2fcfb1dbd3.npz,761,2.2676186561584473,0.0527437619930574,0.0252278200951233,0.0984657034982589,0.0698008467682479
weibull,500,9,1,inner,20260930,a537f2176a2542e9e43f5fac.npz,861,1.7801761627197266,0.0394781227636816,0.0236962724512857,0.0956661803384571,0.062277836379739
weibull,500,9,1,outer,20260930,12c77d04171dee1d0669b26b.npz,861,1.5190858840942385,0.0386840217103927,0.0213259446323417,0.0986234673903963,0.0700904014441806
weibull,500,9,2,inner,20260930,b8bddff3b10d8a3a21e37865.npz,921,2.2902774810791016,0.0649769161198595,0.0305250524011181,0.124014206081782,0.1422755565149162
weibull,500,9,2,outer,20260930,9955d90daa6f96ff1dc9d442.npz,901,2.563884735107422,0.0602670696368024,0.0210355632852128,0.1264508825015197,0.1291191890756845
weibull,500,9,3,inner,20260930,bc4e76518ccd85c63cf1ea07.npz,561,2.4199843406677246,0.0562147429837187,0.024814769934693,0.0838571774149403,0.0647493640445664
weibull,500,9,3,outer,20260930,d924b795dd7b0062c4cd22b9.npz,161,1.1143684387207031,0.0680436056318304,0.0531469150451783,0.09052314236163,0.070934399779357
weibull,500,10,1,inner,20260930,cf1d71a92cdb99f21feecfd7.npz,161,0.1189756393432617,0.0586086064786982,0.055539533204226,0.0900975751874393,0.0848664816343519
weibull,500,10,1,outer,20260930,9641d86a62a7fbcde6b91fdd.npz,881,2.2179441452026367,0.0594728482959049,0.0213061584472238,0.1012086861930571,0.0655468064711622
weibull,500,10,2,inner,20260930,d84159c50ab7a360e2da8c27.npz,981,3.4223642349243164,0.0727718685290997,0.0262010526772502,0.0804092372518342,0.0771961547644345
weibull,500,10,2,outer,20260930,159a52805f304f02f86a4cd1.npz,881,3.168602466583252,0.0725826422214085,0.0202976492753886,0.0666866443953751,0.0616349079032186
weibull,500,10,3,inner,20260930,92c69b754c35f54a9b4151ca.npz,661,1.4065322875976562,0.0514319072425165,0.0280842722089949,0.0777954887738499,0.0591077235293954
weibull,500,10,3,outer,20260930,d4f3a0ba6ec7570cb4a05aac.npz,661,1.6424221992492676,0.0505982580802629,0.0236448878878863,0.0765726203219946,0.0537506330304753
weibull,2000,1,1,inner,20260930,bd719e5b47a9504f661d64d8.npz,781,2.4763240814208984,0.0527518686396917,0.0215501975912979,0.0670665818225431,0.0279837377205377
weibull,2000,1,1,outer,20260930,757fa65a848287638e4c7448.npz,361,0.2161169052124023,0.0522313467972959,0.0484959676655008,0.0681705237918338,0.0647705738032903
weibull,2000,1,2,inner,20260930,a1b40c5c12a9e3ad38f0e7ca.npz,561,1.5113835334777832,0.0459442476946426,0.0244415921030396,0.0578486005929392,0.0467551360612013
weibull,2000,1,2,outer,20260930,9d84fa8696558ef12cb684e8.npz,121,0.0291671752929687,0.0457898398990028,0.0441709281228027,0.0628707929971172,0.0715453071933874
weibull,2000,1,3,inner,20260930,3e6cc42abbdce67adbd06754.npz,661,2.1733713150024414,0.0574198767857759,0.0287537257181607,0.0480079444534102,0.0239087040904118
weibull,2000,1,3,outer,20260930,59051bf00c798198a1d07163.npz,661,1.8947734832763672,0.0561500443279138,0.030599685307788,0.0441840925337949,0.0309329153836457
weibull,2000,2,1,inner,20260930,34a2fde4676c71942dc87d16.npz,841,2.400142192840576,0.055173354971212,0.0146605503953509,0.0825875970959296,0.0697918838411989
weibull,2000,2,1,outer,20260930,205d0d8f49f5eed6560b0875.npz,1,0.0132160186767578,0.0550326259185681,0.0549361285997341,0.0760438296282465,0.0753392063585877
weibull,2000,2,2,inner,20260930,e81547ac509b3de2b15d8dfe.npz,821,2.1556453704833984,0.0487203987331755,0.0197748870261677,0.0748787544996458,0.0326642965188153
weibull,2000,2,2,outer,20260930,1bddab674fb53f2bf21389f5.npz,781,1.9485554695129397,0.0453321758314301,0.0166330647567787,0.0704882718933811,0.0315049734193269
weibull,2000,2,3,inner,20260930,02c7b3524a1dc7a6859cc65c.npz,461,1.045271873474121,0.0565917662228209,0.0418875579069223,0.0787727402854867,0.0629679444095213
weibull,2000,2,3,outer,20260930,32edaa8e47c735e58691623b.npz,781,3.1050171852111816,0.0610530982995269,0.0111613796559404,0.0941559068602797,0.0684346834192545
weibull,2000,3,1,inner,20260930,ba5092bc3e072516fe9bce32.npz,801,2.3429174423217773,0.0533073044108313,0.0189639879238519,0.0682356917051683,0.0326961185293546
weibull,2000,3,1,outer,20260930,7859f32d973a8c965252503d.npz,561,1.6404566764831543,0.0455721904213744,0.0201804242594901,0.067194589439909,0.0344254602123649
weibull,2000,3,2,inner,20260930,f16d291b3f57bc04dc7859e8.npz,841,2.258042335510254,0.0578618527610106,0.0128960340331882,0.0511398373736853,0.0557087283057593
weibull,2000,3,2,outer,20260930,9c9c80956cfc8cf34afa0023.npz,901,2.431154251098633,0.06007073373281,0.0086864475121813,0.0607289834485294,0.0593630790336972
weibull,2000,3,3,inner,20260930,183a3573abeb97390300b253.npz,721,1.7294960021972656,0.0447092076265333,0.016105484559899,0.0776543092340887,0.0524903097634457
weibull,2000,3,3,outer,20260930,80a2ab2c9546263baf2b7900.npz,721,1.6363539695739746,0.043480724574134,0.0137283343174538,0.0733710120864622,0.0457634487858662
weibull,2000,4,1,inner,20260930,594a9717cee5335a7e251ac1.npz,661,1.180922508239746,0.0349515876213309,0.0236340530633058,0.0523936764143539,0.0378619169695747
weibull,2000,4,1,outer,20260930,ad1a4ff7a2f6b4f0b48504f6.npz,801,1.629281520843506,0.0389116066837211,0.0205194147088787,0.0547697548908211,0.0407890933518279
weibull,2000,4,2,inner,20260930,926bf45bf2a2e7e80169d24c.npz,1061,0.8998193740844727,0.034102721043467,0.0283157892628355,0.0654008218830403,0.0703772234845739
weibull,2000,4,2,outer,20260930,15c9823508dd53a64949be97.npz,921,1.6975054740905762,0.035955158811292,0.0175702712618129,0.0643395413816273,0.0531936358427179
weibull,2000,4,3,inner,20260930,2337b747359659ae28aef0f9.npz,801,2.417875289916992,0.0580631751110208,0.0194797313561734,0.0375546087422444,0.0383605805328915
weibull,2000,4,3,outer,20260930,96bc1aec06fff652a98550de.npz,641,1.6909379959106443,0.0505886924862239,0.019732208902657,0.035435349020096,0.0331370966217464
weibull,2000,5,1,inner,20260930,e283f8c0dd0f801113e5401e.npz,701,1.669473648071289,0.0494907134315337,0.0212350328095785,0.0942795006982921,0.0849065954506935
weibull,2000,5,1,outer,20260930,582f7ca21d6f4659ada53bef.npz,521,2.3068199157714844,0.0504390796730306,0.0171046614864633,0.0797730225983174,0.0671938284628483
weibull,2000,5,2,inner,20260930,f63958d73ab4325fcfeb6da7.npz,641,1.763317584991455,0.0452563233025995,0.0247454575702159,0.0642449385060718,0.0312796494452142
weibull,2000,5,2,outer,20260930,3cb2d9d8ef2287e527e6a823.npz,701,1.6645078659057615,0.0418432016710947,0.0191404091366932,0.0640059246829539,0.0370206490337552
weibull,2000,5,3,inner,20260930,7b135e64b3f90283179f438c.npz,661,2.1614909172058105,0.057076390088124,0.0275379826842028,0.0714269959671156,0.0528228484646517
weibull,2000,5,3,outer,20260930,552e4e5e6ffeb520fe017be0.npz,901,2.664548873901367,0.054945206583647,0.0189596188949747,0.0728451561304394,0.0524815064414932
weibull,2000,6,1,inner,20260930,4f71d4261793c34d415e1d1e.npz,861,2.610596179962158,0.0607318249007787,0.0181414305585625,0.0625078715873533,0.0297996963876609
weibull,2000,6,1,outer,20260930,9c2c1bae4184443d9acea2c0.npz,821,2.394192695617676,0.0582971104034071,0.0153161411177707,0.0635554887986059,0.0248263071096866
weibull,2000,6,2,inner,20260930,30b05276c691acb06f025b40.npz,801,2.5197553634643555,0.0613760321950266,0.0169152561151449,0.0620764088988241,0.0176176706825659
weibull,2000,6,2,outer,20260930,d6f095f1150545282ac472fd.npz,141,0.3112668991088867,0.0638354163591614,0.0610134305913699,0.0648162744633792,0.0636350314262861
weibull,2000,6,3,inner,20260930,1931b63f1b3f656280fc84db.npz,701,2.307941436767578,0.0674510871136481,0.0210451762585743,0.0668962173954388,0.0436369187745437
weibull,2000,6,3,outer,20260930,3d95126b3dee5c5260a246d2.npz,861,2.7403573989868164,0.0633282316482497,0.0131113161848769,0.0685846216741217,0.0372367159549143
weibull,2000,7,1,inner,20260930,6e780ca9e3a018e1800ec4d2.npz,881,2.6061010360717773,0.0639461448801965,0.0163314279354424,0.0752608251864289,0.052388056014079
weibull,2000,7,1,outer,20260930,b6d9cb6971b156cdf12f6395.npz,841,2.532360076904297,0.0647130848048842,0.0177538950317538,0.0766505087278733,0.0552589633453908
weibull,2000,7,2,inner,20260930,c4b565e81a3f6bde090d85c3.npz,801,2.2398147583007812,0.0608487006071704,0.0196918618450186,0.0838093860290531,0.0749960337716953
weibull,2000,7,2,outer,20260930,4a74f58503f3f03866170adb.npz,561,2.5080370903015137,0.0617124615090285,0.0171927454199489,0.0772366962014221,0.0610192003206695
weibull,2000,7,3,inner,20260930,9f41a31fad71ddaa926d7c30.npz,741,2.0710411071777344,0.0595592401053415,0.025799934574899,0.0643641814451989,0.04198061810891
weibull,2000,7,3,outer,20260930,2a452fd205c3753e934e6871.npz,1,0.012822151184082,0.0522352281011768,0.0520886799619867,0.064582908249397,0.0646849878997556
weibull,2000,8,1,inner,20260930,583dde53c3709e75922eb275.npz,921,2.587055206298828,0.059793441411852,0.0191713638669089,0.0569510940239785,0.0206747717167418
weibull,2000,8,1,outer,20260930,81cf9c1848bfe99005159e74.npz,681,1.8666234016418457,0.0546309058488751,0.0207470618376089,0.0599097818038273,0.0375815685110524
weibull,2000,8,2,inner,20260930,a1657d11be645152d18d9c0b.npz,861,2.626361846923828,0.0655866263746758,0.0180055912239654,0.0497162643757645,0.0291742759539554
weibull,2000,8,2,outer,20260930,927b3b766ef35274aaa954bc.npz,781,2.0909228324890137,0.059201047625451,0.01679676885624,0.0508187396528109,0.0241109809732163
weibull,2000,8,3,inner,20260930,c4e568aa8505911d3eefdeb3.npz,641,1.7694849967956543,0.0490117386302793,0.0175432108763117,0.069237984396109,0.0364630619359562
weibull,2000,8,3,outer,20260930,12f484dfbab64b2463a0cbef.npz,661,1.568990707397461,0.054128103387998,0.024232502062512,0.0693571656711965,0.0415571572380598
weibull,2000,9,1,inner,20260930,d89610c128a4eceedbe4f16d.npz,701,1.845393180847168,0.0461062073976593,0.0178197915862663,0.0640455729312847,0.0260502453378805
weibull,2000,9,1,outer,20260930,52737de1ed2abe71ee158aec.npz,581,1.3882899284362793,0.0404828450652069,0.0156095919988824,0.0634044753316924,0.0342671059610652
weibull,2000,9,2,inner,20260930,97e8bbcf29e621fb5c8295f2.npz,1,0.0136003494262695,0.0559544119769103,0.0557843539058006,0.0532282094347943,0.0531709542229451
weibull,2000,9,2,outer,20260930,926cfb2e56570ccceb608f63.npz,601,1.4282402992248535,0.0495635905958358,0.0206331306757754,0.0511898263564026,0.0253733622879406
weibull,2000,9,3,inner,20260930,91d53bdd773f487016f30c12.npz,901,1.7310738563537598,0.0517205681517112,0.0270564924449344,0.043679281913728,0.0480676067484988
weibull,2000,9,3,outer,20260930,5cc96c4d4c7a5bd42c5857f5.npz,861,2.1522912979125977,0.0533570171814992,0.0199342953238861,0.0420761288533418,0.0393072889191397
weibull,2000,10,1,inner,20260930,3d0ab66bdd5551935575723b.npz,1021,2.2359399795532227,0.0466554134428352,0.0150844640440058,0.0732911148849303,0.0499060805983553
weibull,2000,10,1,outer,20260930,e1a5078a4a87849cc0ae46f7.npz,841,2.5689282417297363,0.0543408091011084,0.0158873968155364,0.0734529560778031,0.0470991562278115
weibull,2000,10,2,inner,20260930,1f9bb32f716a7c2e9c8a3017.npz,701,2.3198843002319336,0.0653824441885634,0.0367196927591104,0.0826670524530419,0.0830578250234146
weibull,2000,10,2,outer,20260930,f1fd4073592a226bdbee06b7.npz,661,2.5721898078918457,0.058083603668244,0.0193977334995076,0.0756651592823891,0.0639386879833684
weibull,2000,10,3,inner,20260930,5204ec62dda9811d22511baa.npz,401,0.3688478469848633,0.0463490732270295,0.0411804430286659,0.0894038946121299,0.0817319141532944
weibull,2000,10,3,outer,20260930,241f754e129aa1af3c45793b.npz,781,1.8242454528808592,0.047260986557929,0.0127264910097041,0.0807294312402946,0.0645072924870078
