distribution,auctions,repetition,fold,architecture,stage,best_step,final_w1,generator_parameters,lower_support,upper_support,training_seconds,initial_w1,evaluation_base_seed
lognormal,500,1,1,original,inner,861.0,0.0401829786148666,4801,0.4378225207328796,7.689147472381592,13.853734666947275,,20260930
lognormal,500,1,1,original,outer,961.0,0.0328735214207161,4801,0.448437750339508,7.1934051513671875,14.763085291953756,,20260930
lognormal,500,1,1,monotone,inner,1200.0,0.0446299651939982,11,,,8.786593582946807,0.0547256947615334,20260930
lognormal,500,1,1,monotone,outer,601.0,0.0269346932442771,11,,,9.329980124952272,0.0460269606887567,20260930
lognormal,500,1,2,original,inner,1021.0,0.0509984666443353,4801,0.4528484940528869,7.02092981338501,12.390001958003268,,20260930
lognormal,500,1,2,original,outer,1121.0,0.0616057999335524,4801,0.4591425061225891,7.032712459564209,13.93687245901674,,20260930
lognormal,500,1,2,monotone,inner,1.0,0.0391634148901421,11,,,8.940420917002484,0.0392110086636186,20260930
lognormal,500,1,2,monotone,outer,201.0,0.0360286089304618,11,,,10.29069112497382,0.0365652861552019,20260930
lognormal,500,1,3,original,inner,1141.0,0.0440799102560047,4801,0.4892923533916473,6.521548271179199,11.9274971249979,,20260930
lognormal,500,1,3,original,outer,841.0,0.0367513076902238,4801,0.470738410949707,6.816675186157227,16.04357112501748,,20260930
lognormal,500,1,3,monotone,inner,1161.0,0.0371325057772782,11,,,8.675917166983709,0.0387873996946024,20260930
lognormal,500,1,3,monotone,outer,1181.0,0.0300677970020303,11,,,9.939898749813436,0.031306317253795,20260930
lognormal,500,2,1,original,inner,1021.0,0.043677387009386,4801,0.4691360890865326,7.157601356506348,13.615218791877853,,20260930
lognormal,500,2,1,original,outer,1161.0,0.0424654815479822,4801,0.4685065746307373,7.304938793182373,16.386351292021573,,20260930
lognormal,500,2,1,monotone,inner,1061.0,0.0393980138637704,11,,,9.970879000145942,0.0432050375380818,20260930
lognormal,500,2,1,monotone,outer,1200.0,0.0429501367250546,11,,,10.487396124983206,0.0434143147224949,20260930
lognormal,500,2,2,original,inner,1141.0,0.0493650652712069,4801,0.5032615661621094,6.79383659362793,14.20841583283618,,20260930
lognormal,500,2,2,original,outer,961.0,0.0527462073357023,4801,0.4907104074954986,6.815216064453125,16.204636415932328,,20260930
lognormal,500,2,2,monotone,inner,361.0,0.0307575714646975,11,,,10.656468042172492,0.0327684816185199,20260930
lognormal,500,2,2,monotone,outer,741.0,0.026898348937846,11,,,10.54505275003612,0.0310261245069282,20260930
lognormal,500,2,3,original,inner,941.0,0.0417017584624146,4801,0.5239928960800171,5.969904899597168,14.158404290908948,,20260930
lognormal,500,2,3,original,outer,1121.0,0.0405147304317119,4801,0.5141767263412476,6.377721309661865,16.763835249934345,,20260930
lognormal,500,2,3,monotone,inner,941.0,0.0267565183318115,11,,,10.231020917184653,0.0297845750599766,20260930
lognormal,500,2,3,monotone,outer,0.0,0.0263650349314578,11,,,11.03940033284016,0.0263650349314578,20260930
lognormal,500,3,1,original,inner,621.0,0.0360177325242308,4801,0.5009909868240356,6.1118574142456055,14.311695457901806,,20260930
lognormal,500,3,1,original,outer,901.0,0.0383291924013714,4801,0.4943195879459381,6.299705505371094,16.56301874993369,,20260930
lognormal,500,3,1,monotone,inner,1.0,0.0188048673681467,11,,,10.18445845786482,0.0188945280798269,20260930
lognormal,500,3,1,monotone,outer,0.0,0.0193378092611694,11,,,10.50145508395508,0.0193378092611694,20260930
lognormal,500,3,2,original,inner,1041.0,0.038510633193369,4801,0.4796294569969177,6.657438278198242,12.849428249988703,,20260930
lognormal,500,3,2,original,outer,661.0,0.0377420430265283,4801,0.5033227205276489,6.3560566902160645,15.956202582921833,,20260930
lognormal,500,3,2,monotone,inner,0.0,0.0287482316207781,11,,,9.83142220787704,0.0287482316207781,20260930
lognormal,500,3,2,monotone,outer,361.0,0.0202035410395819,11,,,10.79830454196781,0.020578135670857,20260930
lognormal,500,3,3,original,inner,1141.0,0.0316593296945969,4801,0.5260885953903198,6.1678900718688965,14.449357792036608,,20260930
lognormal,500,3,3,original,outer,1161.0,0.0307969996301813,4801,0.504783570766449,6.2701029777526855,16.135483583901078,,20260930
lognormal,500,3,3,monotone,inner,361.0,0.0259172057270411,11,,,9.904987375019118,0.0260978503056827,20260930
lognormal,500,3,3,monotone,outer,881.0,0.0251294548250649,11,,,10.490865082945676,0.0266723856439515,20260930
lognormal,500,4,1,original,inner,1181.0,0.0514222581310984,4801,0.4723106324672699,6.938537120819092,13.495265499921516,,20260930
lognormal,500,4,1,original,outer,1061.0,0.0334358492803009,4801,0.4701127707958221,6.920130729675293,15.489331166958436,,20260930
lognormal,500,4,1,monotone,inner,721.0,0.033702919074215,11,,,9.724503625184298,0.0339622657314339,20260930
lognormal,500,4,1,monotone,outer,781.0,0.0277985373084213,11,,,12.026464791968465,0.0302198125316643,20260930
lognormal,500,4,2,original,inner,1161.0,0.0413720159308174,4801,0.4901240766048431,6.039348602294922,14.39079387509264,,20260930
lognormal,500,4,2,original,outer,1001.0,0.0400606396086992,4801,0.4585129916667938,7.089649677276611,15.53950983309187,,20260930
lognormal,500,4,2,monotone,inner,181.0,0.0251734527525506,11,,,11.637942125089468,0.0251785828851838,20260930
lognormal,500,4,2,monotone,outer,1001.0,0.0250905795935221,11,,,11.18688258412294,0.0310458595700411,20260930
lognormal,500,4,3,original,inner,1021.0,0.0345300256956133,4801,0.489747554063797,6.579561710357666,13.762075959006324,,20260930
lognormal,500,4,3,original,outer,861.0,0.0403935938160254,4801,0.479934424161911,6.815958499908447,16.20923583302647,,20260930
lognormal,500,4,3,monotone,inner,921.0,0.0306407524300556,11,,,10.022239291109145,0.0326470250917642,20260930
lognormal,500,4,3,monotone,outer,941.0,0.0286383600204245,11,,,10.436483208090069,0.0332928295639583,20260930
lognormal,500,5,1,original,inner,1121.0,0.0506131160843711,4801,0.4430457949638366,6.867264747619629,14.588910333113745,,20260930
lognormal,500,5,1,original,outer,1200.0,0.0625988703389431,4801,0.4621751606464386,6.772601127624512,17.077124584000558,,20260930
lognormal,500,5,1,monotone,inner,1081.0,0.0403779455224678,11,,,10.542406250024214,0.0511043619922864,20260930
lognormal,500,5,1,monotone,outer,1161.0,0.0371157426241559,11,,,11.120795667171478,0.0424773303071825,20260930
lognormal,500,5,2,original,inner,1001.0,0.0685566232248819,4801,0.4595285952091217,7.131889820098877,13.72403558390215,,20260930
lognormal,500,5,2,original,outer,1181.0,0.0533785985345781,4801,0.4652627110481262,7.0260701179504395,16.96609004214406,,20260930
lognormal,500,5,2,monotone,inner,1161.0,0.0520881784858848,11,,,10.215593749890104,0.0577059351900549,20260930
lognormal,500,5,2,monotone,outer,1161.0,0.0386593890934733,11,,,10.860252417158335,0.0393004474406697,20260930
lognormal,500,5,3,original,inner,821.0,0.0519260162784375,4801,0.4929587841033935,6.663880825042725,14.587874375050887,,20260930
lognormal,500,5,3,original,outer,1121.0,0.0493905324598352,4801,0.5054869055747986,6.548089027404785,16.221297583077103,,20260930
lognormal,500,5,3,monotone,inner,561.0,0.0322586670175189,11,,,9.794246250065044,0.0327568344156391,20260930
lognormal,500,5,3,monotone,outer,501.0,0.0317113009944821,11,,,11.46791150001809,0.0323892052989518,20260930
lognormal,500,6,1,original,inner,641.0,0.0542014561879713,4801,0.4749494791030884,6.989744186401367,13.28940587490797,,20260930
lognormal,500,6,1,original,outer,941.0,0.0499773910955595,4801,0.4775624275207519,7.011796474456787,16.17138966708444,,20260930
lognormal,500,6,1,monotone,inner,1061.0,0.0362136749483935,11,,,10.148155207978562,0.0405093480088834,20260930
lognormal,500,6,1,monotone,outer,1061.0,0.026056421806097,11,,,12.386500540887935,0.0331457407293671,20260930
lognormal,500,6,2,original,inner,961.0,0.0584267774113401,4801,0.4814139604568481,6.880644798278809,14.887600666144865,,20260930
lognormal,500,6,2,original,outer,1181.0,0.0576130661635398,4801,0.4699980318546295,7.108227729797363,16.700715583050624,,20260930
lognormal,500,6,2,monotone,inner,1.0,0.0344757416160642,11,,,10.642102499958128,0.034687248528571,20260930
lognormal,500,6,2,monotone,outer,621.0,0.0341628555448927,11,,,10.930865624919534,0.0368460481311443,20260930
lognormal,500,6,3,original,inner,681.0,0.0605858368955343,4801,0.485366016626358,6.775256156921387,13.653165291063488,,20260930
lognormal,500,6,3,original,outer,741.0,0.0573032803912637,4801,0.4742729067802429,7.089865207672119,21.589472834020853,,20260930
lognormal,500,6,3,monotone,inner,841.0,0.0332997159685109,11,,,12.303685124963522,0.0397906427675512,20260930
lognormal,500,6,3,monotone,outer,1200.0,0.0334397222371978,11,,,14.065134041942656,0.0456096340502357,20260930
lognormal,500,7,1,original,inner,721.0,0.0391207347423178,4801,0.4360450208187103,7.061438083648682,16.537838832940906,,20260930
lognormal,500,7,1,original,outer,741.0,0.0376319385782499,4801,0.434562623500824,7.319691181182861,21.78480483405292,,20260930
lognormal,500,7,1,monotone,inner,601.0,0.0301776927227198,11,,,12.280406459001824,0.0305769745636991,20260930
lognormal,500,7,1,monotone,outer,981.0,0.0267424124572374,11,,,13.639081625035033,0.0268942241423769,20260930
lognormal,500,7,2,original,inner,1101.0,0.0422868260423116,4801,0.466370552778244,6.983194351196289,15.557710833847525,,20260930
lognormal,500,7,2,original,outer,1081.0,0.0391627124295393,4801,0.4832372367382049,6.66472864151001,19.694038999965414,,20260930
lognormal,500,7,2,monotone,inner,0.0,0.0347941555201107,11,,,10.414860249962658,0.0347941555201107,20260930
lognormal,500,7,2,monotone,outer,381.0,0.0270558127967451,11,,,13.396113750059158,0.0276690884504446,20260930
lognormal,500,7,3,original,inner,901.0,0.0426165230357373,4801,0.4770687520503998,6.579801559448242,15.655969167128204,,20260930
lognormal,500,7,3,original,outer,1101.0,0.0391263363566014,4801,0.4702351093292236,6.723092079162598,21.48523662495427,,20260930
lognormal,500,7,3,monotone,inner,1.0,0.027925295313542,11,,,13.497098375111818,0.0281597925116884,20260930
lognormal,500,7,3,monotone,outer,1.0,0.0294506597587419,11,,,14.606318375095723,0.0295327454849961,20260930
lognormal,500,8,1,original,inner,601.0,0.0318667973381123,4801,0.4583645462989807,6.521612644195557,17.238682667026296,,20260930
lognormal,500,8,1,original,outer,821.0,0.0359375902062,4801,0.4488416016101837,6.606776237487793,21.495211250148714,,20260930
lognormal,500,8,1,monotone,inner,961.0,0.0241352462544182,11,,,11.359669083030894,0.0260814570334042,20260930
lognormal,500,8,1,monotone,outer,0.0,0.0152636332899693,11,,,12.604869166156275,0.0152636332899693,20260930
lognormal,500,8,2,original,inner,1141.0,0.0487935522063834,4801,0.4573140740394592,6.989872455596924,15.852916209027171,,20260930
lognormal,500,8,2,original,outer,1141.0,0.0418977640037828,4801,0.4473974704742431,6.96698522567749,19.77171808294952,,20260930
lognormal,500,8,2,monotone,inner,1161.0,0.0303991385416036,11,,,12.020440084161237,0.0331896793983294,20260930
lognormal,500,8,2,monotone,outer,1181.0,0.024035024532785,11,,,15.529144375119358,0.0249794468642116,20260930
lognormal,500,8,3,original,inner,1121.0,0.0554413608478355,4801,0.4399568736553192,6.783578395843506,17.7770005420316,,20260930
lognormal,500,8,3,original,outer,1041.0,0.0474692614583236,4801,0.4490468502044678,6.759169101715088,22.492507375078276,,20260930
lognormal,500,8,3,monotone,inner,801.0,0.0304470702451011,11,,,12.130051624961196,0.0317490528169812,20260930
lognormal,500,8,3,monotone,outer,181.0,0.0306208272298307,11,,,13.6568548749201,0.0312126641168791,20260930
lognormal,500,9,1,original,inner,801.0,0.0460335677699691,4801,0.4568180441856384,6.970070838928223,17.1236926659476,,20260930
lognormal,500,9,1,original,outer,1061.0,0.0464953092423106,4801,0.4674068093299866,6.807635307312012,21.453566583106294,,20260930
lognormal,500,9,1,monotone,inner,181.0,0.0401107906143947,11,,,11.642480665817857,0.0404192835726795,20260930
lognormal,500,9,1,monotone,outer,581.0,0.034956322146642,11,,,13.326269832905382,0.0351683150696749,20260930
lognormal,500,9,2,original,inner,1161.0,0.041774872341873,4801,0.4878024756908417,6.392282009124756,18.07608937495388,,20260930
lognormal,500,9,2,original,outer,1121.0,0.0428826630113096,4801,0.4690654873847961,6.561234951019287,20.275609833188355,,20260930
lognormal,500,9,2,monotone,inner,1121.0,0.0221625529564362,11,,,12.849117291159928,0.027771956238513,20260930
lognormal,500,9,2,monotone,outer,161.0,0.0271482979842451,11,,,13.103131082840264,0.0278222092234482,20260930
lognormal,500,9,3,original,inner,981.0,0.0329041275057197,4801,0.5339378714561462,6.108788013458252,16.418030832894146,,20260930
lognormal,500,9,3,original,outer,921.0,0.0400703736430103,4801,0.5257871150970459,6.335427284240723,20.05154195916839,,20260930
lognormal,500,9,3,monotone,inner,361.0,0.0356450037687578,11,,,11.97829958400689,0.0357915337983299,20260930
lognormal,500,9,3,monotone,outer,0.0,0.0238036391344308,11,,,12.861874916125087,0.0238036391344308,20260930
lognormal,500,10,1,original,inner,1101.0,0.0556266055431891,4801,0.4476839005947113,7.043007850646973,16.5400382920634,,20260930
lognormal,500,10,1,original,outer,1021.0,0.0483978517178791,4801,0.4536607265472412,6.885684490203857,21.32781970803626,,20260930
lognormal,500,10,1,monotone,inner,1061.0,0.0431790896992439,11,,,11.772089625010269,0.0445408031293475,20260930
lognormal,500,10,1,monotone,outer,661.0,0.0409830971260783,11,,,13.259362458018586,0.0431238676089291,20260930
lognormal,500,10,2,original,inner,921.0,0.060144795344159,4801,0.472296804189682,7.060310363769531,16.31346220918931,,20260930
lognormal,500,10,2,original,outer,961.0,0.0622661730485322,4801,0.4559932053089142,7.324169158935547,21.126008667051792,,20260930
lognormal,500,10,2,monotone,inner,1061.0,0.0443356261264161,11,,,11.81782824988477,0.0459199344611547,20260930
lognormal,500,10,2,monotone,outer,1200.0,0.0443783476342314,11,,,13.36235999991186,0.0485599526291234,20260930
lognormal,500,10,3,original,inner,1041.0,0.0580421268454592,4801,0.4648536443710327,7.039095401763916,15.980626916978508,,20260930
lognormal,500,10,3,original,outer,1200.0,0.0598313197615072,4801,0.4515394866466522,7.18446159362793,20.384440291905776,,20260930
lognormal,500,10,3,monotone,inner,981.0,0.0428765013296171,11,,,12.13137275003828,0.0444543373399433,20260930
lognormal,500,10,3,monotone,outer,81.0,0.0424275460043463,11,,,12.37779466691427,0.0431179967220735,20260930
lognormal,2000,1,1,original,inner,1141.0,0.0338571331258295,4801,0.4715571105480194,6.795940399169922,20.526404374977577,,20260930
lognormal,2000,1,1,original,outer,1021.0,0.0564423893786109,4801,0.4750199615955353,6.709187030792236,18.76130050001666,,20260930
lognormal,2000,1,1,monotone,inner,381.0,0.0147626201255705,11,,,11.47461241716519,0.0148454715665727,20260930
lognormal,2000,1,1,monotone,outer,0.0,0.0130400997444971,11,,,11.795034708920866,0.0130400997444971,20260930
lognormal,2000,1,2,original,inner,1041.0,0.036538862714338,4801,0.4688844978809356,6.731314659118652,18.301202540984377,,20260930
lognormal,2000,1,2,original,outer,941.0,0.0351709597867109,4801,0.4748921394348144,6.66597843170166,19.49439666606486,,20260930
lognormal,2000,1,2,monotone,inner,1200.0,0.0205078481455068,11,,,11.847374791977929,0.024055477209166,20260930
lognormal,2000,1,2,monotone,outer,1141.0,0.0165275342711517,11,,,12.68547929194756,0.0199022242832891,20260930
lognormal,2000,1,3,original,inner,781.0,0.0387178010289712,4801,0.4805676341056824,6.70400857925415,19.20850191707723,,20260930
lognormal,2000,1,3,original,outer,1200.0,0.0323804369455625,4801,0.4709155857563019,6.900076389312744,21.327509250026196,,20260930
lognormal,2000,1,3,monotone,inner,381.0,0.0250518659987962,11,,,13.074715333990753,0.0251030683608773,20260930
lognormal,2000,1,3,monotone,outer,1.0,0.019912288648938,11,,,12.596103749936448,0.0199505314807529,20260930
lognormal,2000,2,1,original,inner,1141.0,0.0324658060266705,4801,0.4845761060714721,6.929893493652344,21.229053458198905,,20260930
lognormal,2000,2,1,original,outer,1161.0,0.029824892542276,4801,0.4679461717605591,7.047400951385498,20.925809875130653,,20260930
lognormal,2000,2,1,monotone,inner,1101.0,0.0177952210989372,11,,,13.559765999903902,0.0187579384849284,20260930
lognormal,2000,2,1,monotone,outer,561.0,0.0174986275456752,11,,,14.154316541040316,0.0185253791854586,20260930
lognormal,2000,2,2,original,inner,1021.0,0.0366692659896637,4801,0.477073073387146,6.952446460723877,20.99290516693145,,20260930
lognormal,2000,2,2,original,outer,1200.0,0.0266015495189585,4801,0.4779863655567169,6.9231109619140625,22.06266533304006,,20260930
lognormal,2000,2,2,monotone,inner,0.0,0.0155891716842812,11,,,13.883781083859503,0.0155891716842812,20260930
lognormal,2000,2,2,monotone,outer,0.0,0.0147660525658211,11,,,13.59768345905468,0.0147660525658211,20260930
lognormal,2000,2,3,original,inner,881.0,0.0266769355804205,4801,0.4596515297889709,7.0058393478393555,20.341762374853715,,20260930
lognormal,2000,2,3,original,outer,981.0,0.0267419251319361,4801,0.4567443132400512,6.973343372344971,20.605530583066862,,20260930
lognormal,2000,2,3,monotone,inner,1081.0,0.0266099914937889,11,,,12.706731665879488,0.0312409825703375,20260930
lognormal,2000,2,3,monotone,outer,1081.0,0.0205294952356731,11,,,12.846319583011793,0.0225168878763392,20260930
lognormal,2000,3,1,original,inner,721.0,0.0358956102617316,4801,0.4637617766857147,6.756537437438965,21.473492042161524,,20260930
lognormal,2000,3,1,original,outer,1200.0,0.0314293111557727,4801,0.4639965891838074,6.763180732727051,20.084648249903697,,20260930
lognormal,2000,3,1,monotone,inner,1.0,0.0184611713632407,11,,,12.385616749990731,0.0184905620908306,20260930
lognormal,2000,3,1,monotone,outer,0.0,0.0148622474852836,11,,,12.570698000025004,0.0148622474852836,20260930
lognormal,2000,3,2,original,inner,1081.0,0.0334765546988612,4801,0.4495332837104797,6.9532012939453125,20.198613916989416,,20260930
lognormal,2000,3,2,original,outer,1181.0,0.034925670958449,4801,0.4562446475028991,6.866384029388428,21.94063654099591,,20260930
lognormal,2000,3,2,monotone,inner,181.0,0.0137706628148912,11,,,12.624572625150904,0.0143729723275523,20260930
lognormal,2000,3,2,monotone,outer,0.0,0.0148223979197338,11,,,13.865121209062636,0.0148223979197338,20260930
lognormal,2000,3,3,original,inner,881.0,0.0278727761505257,4801,0.4683192372322082,6.682126045227051,21.27141745807603,,20260930
lognormal,2000,3,3,original,outer,821.0,0.023383416650122,4801,0.4660734534263611,6.801329135894775,21.122887500096112,,20260930
lognormal,2000,3,3,monotone,inner,161.0,0.0207615302184704,11,,,12.453831958118826,0.0212806809777818,20260930
lognormal,2000,3,3,monotone,outer,1.0,0.012309422909924,11,,,12.84248450002633,0.012388880387592,20260930
lognormal,2000,4,1,original,inner,981.0,0.0458002650298695,4801,0.4622868597507477,7.014787673950195,21.583320750156417,,20260930
lognormal,2000,4,1,original,outer,1121.0,0.0351066668019388,4801,0.4746823310852051,6.909912109375,21.248525083065033,,20260930
lognormal,2000,4,1,monotone,inner,1061.0,0.0184941586878875,11,,,13.391736417077482,0.0272164699637359,20260930
lognormal,2000,4,1,monotone,outer,981.0,0.0166778273694015,11,,,13.67166629107669,0.0183851480613929,20260930
lognormal,2000,4,2,original,inner,961.0,0.0347834632670722,4801,0.4678031802177429,6.938686847686768,20.320159166818485,,20260930
lognormal,2000,4,2,original,outer,681.0,0.0249666869929331,4801,0.475338876247406,6.892665863037109,21.605203042039648,,20260930
lognormal,2000,4,2,monotone,inner,761.0,0.0121574001335903,11,,,13.264382916968316,0.0140025754503792,20260930
lognormal,2000,4,2,monotone,outer,1.0,0.011681001662789,11,,,12.413016708102075,0.011957408442699,20260930
lognormal,2000,4,3,original,inner,961.0,0.0293428073261952,4801,0.4876850247383117,6.465362548828125,20.943734207889065,,20260930
lognormal,2000,4,3,original,outer,1041.0,0.0314824706241487,4801,0.4816358685493469,6.549120903015137,20.316766208037738,,20260930
lognormal,2000,4,3,monotone,inner,0.0,0.0111764178815016,11,,,12.983623540960252,0.0111764178815016,20260930
lognormal,2000,4,3,monotone,outer,0.0,0.0103674905719453,11,,,14.328146958956497,0.0103674905719453,20260930
lognormal,2000,5,1,original,inner,1141.0,0.0236434345019079,4801,0.4851213693618774,6.500903129577637,21.517205165931955,,20260930
lognormal,2000,5,1,original,outer,741.0,0.0339181435965807,4801,0.4861688315868377,6.554431915283203,21.30908533302136,,20260930
lognormal,2000,5,1,monotone,inner,941.0,0.0176349975139159,11,,,12.636260125087574,0.0196927460448439,20260930
lognormal,2000,5,1,monotone,outer,0.0,0.0172161978087149,11,,,16.069583541015163,0.0172161978087149,20260930
lognormal,2000,5,2,original,inner,881.0,0.025170338710639,4801,0.465398907661438,6.934765815734863,29.482694250065833,,20260930
lognormal,2000,5,2,original,outer,1141.0,0.0239640480090698,4801,0.4656141698360443,6.911628246307373,27.942121374886483,,20260930
lognormal,2000,5,2,monotone,inner,1181.0,0.0205647647895458,11,,,18.74846208305098,0.0233731146667678,20260930
lognormal,2000,5,2,monotone,outer,821.0,0.0178924477896147,11,,,18.879323665983975,0.0215735430985359,20260930
lognormal,2000,5,3,original,inner,1021.0,0.0275502497015196,4801,0.4686213135719299,6.572091102600098,27.119534166064113,,20260930
lognormal,2000,5,3,original,outer,1041.0,0.02076991769741,4801,0.4715665876865387,6.645376682281494,26.05786387505941,,20260930
lognormal,2000,5,3,monotone,inner,901.0,0.0206580608882615,11,,,16.903879583114758,0.0260465970755854,20260930
lognormal,2000,5,3,monotone,outer,1121.0,0.0199993910801723,11,,,17.04937541601248,0.02180068797066,20260930
lognormal,2000,6,1,original,inner,901.0,0.0398768197574041,4801,0.4757149219512939,6.479086399078369,29.915015666978434,,20260930
lognormal,2000,6,1,original,outer,941.0,0.0523640852117784,4801,0.4683960676193237,6.592604160308838,29.43533216696233,,20260930
lognormal,2000,6,1,monotone,inner,921.0,0.0160884054441237,11,,,18.46193420793861,0.0177091857396574,20260930
lognormal,2000,6,1,monotone,outer,1121.0,0.0156774312694775,11,,,16.418815791141242,0.0212621518289763,20260930
lognormal,2000,6,2,original,inner,1101.0,0.0254910814822808,4801,0.4647515714168548,6.952718257904053,25.704296374926344,,20260930
lognormal,2000,6,2,original,outer,1041.0,0.0398350549032576,4801,0.474424660205841,6.829549312591553,26.965004458092153,,20260930
lognormal,2000,6,2,monotone,inner,161.0,0.0215432663075966,11,,,18.281436332967132,0.0225028946652642,20260930
lognormal,2000,6,2,monotone,outer,0.0,0.0171842349350627,11,,,19.34353416715749,0.0171842349350627,20260930
lognormal,2000,6,3,original,inner,1121.0,0.0281767540943498,4801,0.4602907598018646,6.822007179260254,29.115120582981035,,20260930
lognormal,2000,6,3,original,outer,1081.0,0.0364629610000736,4801,0.4658242464065552,6.764247417449951,27.22785562509671,,20260930
lognormal,2000,6,3,monotone,inner,161.0,0.0182263865318186,11,,,18.099268458085135,0.018410199706949,20260930
lognormal,2000,6,3,monotone,outer,541.0,0.0162218775402566,11,,,17.850970790954307,0.0178081880562639,20260930
lognormal,2000,7,1,original,inner,1061.0,0.0353984284865576,4801,0.4653522670269012,6.99119758605957,27.33525083307177,,20260930
lognormal,2000,7,1,original,outer,1181.0,0.0321950045576036,4801,0.4682949185371399,6.8823394775390625,28.49450537515804,,20260930
lognormal,2000,7,1,monotone,inner,1101.0,0.0206775704596906,11,,,18.831997834146023,0.0214327946752825,20260930
lognormal,2000,7,1,monotone,outer,761.0,0.0183975202701191,11,,,17.67085612518713,0.0190547686258102,20260930
lognormal,2000,7,2,original,inner,881.0,0.0463612753916926,4801,0.4861339330673218,6.550878047943115,27.067778709111735,,20260930
lognormal,2000,7,2,original,outer,941.0,0.0353371045564331,4801,0.4749563634395599,6.650657653808594,27.174755667103454,,20260930
lognormal,2000,7,2,monotone,inner,0.0,0.0300138484485386,11,,,17.604676166782156,0.0300138484485386,20260930
lognormal,2000,7,2,monotone,outer,0.0,0.0235160135870277,11,,,18.56400449993089,0.0235160135870277,20260930
lognormal,2000,7,3,original,inner,1001.0,0.0289896536745437,4801,0.5007733702659607,6.477686882019043,26.84063733415678,,20260930
lognormal,2000,7,3,original,outer,841.0,0.0355167404371515,4801,0.4983755648136139,6.4740824699401855,28.378388792043552,,20260930
lognormal,2000,7,3,monotone,inner,161.0,0.0143993531358085,11,,,17.25624220818281,0.0147509672129813,20260930
lognormal,2000,7,3,monotone,outer,1101.0,0.0131748130041836,11,,,17.007049083011225,0.0140216300137286,20260930
lognormal,2000,8,1,original,inner,1141.0,0.0319941760502307,4801,0.4633300006389618,6.807723045349121,25.72671241615899,,20260930
lognormal,2000,8,1,original,outer,1161.0,0.0374191759143622,4801,0.4624233841896057,6.864176273345947,27.136972332838923,,20260930
lognormal,2000,8,1,monotone,inner,801.0,0.0181801120338012,11,,,14.278917083982378,0.0189728665438828,20260930
lognormal,2000,8,1,monotone,outer,1.0,0.0177798238015588,11,,,11.41280766716227,0.0178379235329354,20260930
lognormal,2000,8,2,original,inner,1200.0,0.0453804659350144,4801,0.472285658121109,6.83934211730957,18.97536649997346,,20260930
lognormal,2000,8,2,original,outer,1101.0,0.0311129105487341,4801,0.4599680006504059,6.990009784698486,20.289464375004172,,20260930
lognormal,2000,8,2,monotone,inner,0.0,0.0312914072715178,11,,,11.231487917015327,0.0312914072715178,20260930
lognormal,2000,8,2,monotone,outer,621.0,0.0222390483111701,11,,,11.248671125154942,0.0230902380243842,20260930
lognormal,2000,8,3,original,inner,1021.0,0.0441830417170729,4801,0.4657750725746155,6.759170055389404,18.132794584147632,,20260930
lognormal,2000,8,3,original,outer,1121.0,0.0376520641495756,4801,0.4611161947250366,6.873624801635742,19.591279082931575,,20260930
lognormal,2000,8,3,monotone,inner,1.0,0.0221261514727253,11,,,11.71435279212892,0.0221464706046853,20260930
lognormal,2000,8,3,monotone,outer,1.0,0.0168953671224563,11,,,12.596076083136722,0.0169266085447479,20260930
lognormal,2000,9,1,original,inner,941.0,0.0475774922340079,4801,0.4237142205238342,7.686086654663086,19.221519875107333,,20260930
lognormal,2000,9,1,original,outer,1001.0,0.0369052332585974,4801,0.438900887966156,7.409428119659424,19.443041500169784,,20260930
lognormal,2000,9,1,monotone,inner,1101.0,0.0194812614880535,11,,,12.380101292161273,0.0202976317784379,20260930
lognormal,2000,9,1,monotone,outer,781.0,0.0191828026114042,11,,,12.163810207974166,0.0201276255631142,20260930
lognormal,2000,9,2,original,inner,1161.0,0.0300126626224017,4801,0.4706690907478332,6.956792831420898,19.156912917038422,,20260930
lognormal,2000,9,2,original,outer,1081.0,0.0353638944485279,4801,0.4771600365638733,6.90883731842041,19.717184042092413,,20260930
lognormal,2000,9,2,monotone,inner,1200.0,0.0265574107349505,11,,,12.695781250018626,0.0288552399536166,20260930
lognormal,2000,9,2,monotone,outer,1.0,0.025570566386788,11,,,11.81623770808801,0.0257760868313736,20260930
lognormal,2000,9,3,original,inner,921.0,0.0317909787812663,4801,0.4636111855506897,6.836498260498047,19.338619540911168,,20260930
lognormal,2000,9,3,original,outer,841.0,0.0281875928037759,4801,0.4625226259231567,6.858334541320801,19.85169504210353,,20260930
lognormal,2000,9,3,monotone,inner,641.0,0.0161704060515109,11,,,13.163081583101302,0.0181893166117077,20260930
lognormal,2000,9,3,monotone,outer,741.0,0.0146949452219541,11,,,12.53580908291042,0.0154168355175812,20260930
lognormal,2000,10,1,original,inner,1061.0,0.0386175217901796,4801,0.4511484205722809,6.870339393615723,21.921528291888535,,20260930
lognormal,2000,10,1,original,outer,1021.0,0.0275942058168882,4801,0.4655382335186004,6.719874382019043,28.220855915918943,,20260930
lognormal,2000,10,1,monotone,inner,401.0,0.0185965937894857,11,,,18.358425749931484,0.0187770534401236,20260930
lognormal,2000,10,1,monotone,outer,0.0,0.012441535113573,11,,,19.688528917031363,0.012441535113573,20260930
lognormal,2000,10,2,original,inner,741.0,0.0440932507190216,4801,0.4514475762844085,6.882603645324707,28.100265291985124,,20260930
lognormal,2000,10,2,original,outer,1181.0,0.0247107780498766,4801,0.4517684578895569,7.0175275802612305,29.045407082885504,,20260930
lognormal,2000,10,2,monotone,inner,661.0,0.0233377248658939,11,,,16.98590987501666,0.0246314207727123,20260930
lognormal,2000,10,2,monotone,outer,1081.0,0.0157307771003256,11,,,16.947848333977163,0.02059364057232,20260930
lognormal,2000,10,3,original,inner,861.0,0.0331923055433624,4801,0.4562376737594604,6.947071075439453,26.220092250034213,,20260930
lognormal,2000,10,3,original,outer,1200.0,0.0428557759965791,4801,0.4543971419334411,6.9430060386657715,27.56901454203762,,20260930
lognormal,2000,10,3,monotone,inner,1.0,0.0145530744029222,11,,,17.18163129198365,0.0146092930434254,20260930
lognormal,2000,10,3,monotone,outer,1.0,0.0140143558012916,11,,,16.647950957994908,0.0141269756628569,20260930
