distribution,auctions,procedure,method,reference,mse_difference,paired_mcse
lognormal,500,Exact reserve,Original fixed,Original fixed,0.0,0.0
lognormal,500,Exact reserve,Original fixed,Empirical DML,2.4305780819959503e-05,8.789945606450999e-05
lognormal,500,Exact reserve,Original fixed,Smooth plug-in,0.0007017424936557559,0.0007811900638562383
lognormal,500,Exact reserve,Monotone fixed,Original fixed,-0.00021280288582758481,0.00020435662350180495
lognormal,500,Exact reserve,Monotone fixed,Empirical DML,-0.00018849710500762527,0.00015609968288476166
lognormal,500,Exact reserve,Monotone fixed,Smooth plug-in,0.0004889396078281711,0.0005806918759540586
lognormal,500,Exact reserve,Original adaptive,Original fixed,0.004093683091415629,0.002965934014492165
lognormal,500,Exact reserve,Original adaptive,Empirical DML,0.004117988872235589,0.0029640182591597476
lognormal,500,Exact reserve,Original adaptive,Smooth plug-in,0.004795425585071384,0.0030146172501550137
lognormal,500,Exact reserve,Monotone adaptive,Original fixed,-0.0007535276414944907,0.0006980011047796545
lognormal,500,Exact reserve,Monotone adaptive,Empirical DML,-0.0007292218606745312,0.000641898284943572
lognormal,500,Exact reserve,Monotone adaptive,Smooth plug-in,-5.178514783873475e-05,0.00021402317084964244
lognormal,500,Fixed bandwidth,Original fixed,Original fixed,0.0,0.0
lognormal,500,Fixed bandwidth,Original fixed,Empirical DML,8.180032052599443e-05,6.207838042263878e-05
lognormal,500,Fixed bandwidth,Original fixed,Smooth plug-in,3.771591959588498e-05,0.00024148442556328273
lognormal,500,Fixed bandwidth,Monotone fixed,Original fixed,-6.141159355475457e-05,5.7089203157354554e-05
lognormal,500,Fixed bandwidth,Monotone fixed,Empirical DML,2.0388726971239868e-05,6.597841889778949e-05
lognormal,500,Fixed bandwidth,Monotone fixed,Smooth plug-in,-2.3695673958869567e-05,0.00020416557053829125
lognormal,500,Fixed bandwidth,Original adaptive,Original fixed,0.0010062244790280874,0.001086746027579544
lognormal,500,Fixed bandwidth,Original adaptive,Empirical DML,0.0010880247995540817,0.0010767346014448926
lognormal,500,Fixed bandwidth,Original adaptive,Smooth plug-in,0.001043940398623972,0.0011350672955358554
lognormal,500,Fixed bandwidth,Monotone adaptive,Original fixed,-0.00010980083217367333,0.00019842099234801942
lognormal,500,Fixed bandwidth,Monotone adaptive,Empirical DML,-2.800051164767891e-05,0.00022984074463820134
lognormal,500,Fixed bandwidth,Monotone adaptive,Smooth plug-in,-7.208491257778834e-05,6.453508500020237e-05
lognormal,2000,Exact reserve,Original fixed,Original fixed,0.0,0.0
lognormal,2000,Exact reserve,Original fixed,Empirical DML,-1.4683292390834046e-07,4.496739189573521e-06
lognormal,2000,Exact reserve,Original fixed,Smooth plug-in,-9.272222239728762e-05,0.00018447114658604977
lognormal,2000,Exact reserve,Monotone fixed,Original fixed,3.7679395567410495e-07,1.0160664661168966e-05
lognormal,2000,Exact reserve,Monotone fixed,Empirical DML,2.2996103176576518e-07,8.051616484568592e-06
lognormal,2000,Exact reserve,Monotone fixed,Smooth plug-in,-9.23454284416135e-05,0.00017566727992894646
lognormal,2000,Exact reserve,Original adaptive,Original fixed,0.001991634303001712,0.002252918711517124
lognormal,2000,Exact reserve,Original adaptive,Empirical DML,0.0019914874700778036,0.0022562592205227347
lognormal,2000,Exact reserve,Original adaptive,Smooth plug-in,0.0018989120806044244,0.002266172440296617
lognormal,2000,Exact reserve,Monotone adaptive,Original fixed,-0.00011397968482655248,0.00010105273314055939
lognormal,2000,Exact reserve,Monotone adaptive,Empirical DML,-0.00011412651775046084,0.00010274148416185743
lognormal,2000,Exact reserve,Monotone adaptive,Smooth plug-in,-0.00020670190722384013,0.00023599244886998933
lognormal,2000,Fixed bandwidth,Original fixed,Original fixed,0.0,0.0
lognormal,2000,Fixed bandwidth,Original fixed,Empirical DML,-3.8515153648770176e-07,1.0987987678132902e-06
lognormal,2000,Fixed bandwidth,Original fixed,Smooth plug-in,2.6897635290381563e-05,2.0052077800634957e-05
lognormal,2000,Fixed bandwidth,Monotone fixed,Original fixed,-1.390829043796653e-07,1.1066706454114702e-06
lognormal,2000,Fixed bandwidth,Monotone fixed,Empirical DML,-5.24234440867367e-07,4.0403827924659116e-07
lognormal,2000,Fixed bandwidth,Monotone fixed,Smooth plug-in,2.6758552386001893e-05,1.904479082328338e-05
lognormal,2000,Fixed bandwidth,Original adaptive,Original fixed,0.00028477797731958903,0.0004132227324294587
lognormal,2000,Fixed bandwidth,Original adaptive,Empirical DML,0.0002843928257831013,0.00041403331776320254
lognormal,2000,Fixed bandwidth,Original adaptive,Smooth plug-in,0.00031167561260997065,0.00042776902337178735
lognormal,2000,Fixed bandwidth,Monotone adaptive,Original fixed,-2.782043835781582e-05,1.977601333257851e-05
lognormal,2000,Fixed bandwidth,Monotone adaptive,Empirical DML,-2.8205589894303528e-05,2.023438499627612e-05
lognormal,2000,Fixed bandwidth,Monotone adaptive,Smooth plug-in,-9.228030674342691e-07,2.833042728880898e-05
weibull,500,Exact reserve,Original fixed,Original fixed,0.0,0.0
weibull,500,Exact reserve,Original fixed,Empirical DML,0.00024151616534308357,0.00016359557112885422
weibull,500,Exact reserve,Original fixed,Smooth plug-in,0.0005133895094563027,0.0003957265582147013
weibull,500,Exact reserve,Monotone fixed,Original fixed,-0.00019025886933521767,0.00015161063947514872
weibull,500,Exact reserve,Monotone fixed,Empirical DML,5.125729600786591e-05,5.2999442545547515e-05
weibull,500,Exact reserve,Monotone fixed,Smooth plug-in,0.00032313064012108497,0.00025193882152313755
weibull,500,Exact reserve,Original adaptive,Original fixed,0.0009704260568461122,0.00097468045497828
weibull,500,Exact reserve,Original adaptive,Empirical DML,0.0012119422221891958,0.0009569199999979735
weibull,500,Exact reserve,Original adaptive,Smooth plug-in,0.0014838155663024148,0.0009916633798798073
weibull,500,Exact reserve,Monotone adaptive,Original fixed,-0.00041904698085413523,0.00027078845568564747
weibull,500,Exact reserve,Monotone adaptive,Empirical DML,-0.00017753081551105172,0.00015797799997785774
weibull,500,Exact reserve,Monotone adaptive,Smooth plug-in,9.434252860216733e-05,0.0001929927883009229
weibull,500,Fixed bandwidth,Original fixed,Original fixed,0.0,0.0
weibull,500,Fixed bandwidth,Original fixed,Empirical DML,6.255629596005208e-05,6.152547346231654e-05
weibull,500,Fixed bandwidth,Original fixed,Smooth plug-in,0.00017615697205604466,0.00017292882074315295
weibull,500,Fixed bandwidth,Monotone fixed,Original fixed,-5.081959534929261e-05,6.425519792246066e-05
weibull,500,Fixed bandwidth,Monotone fixed,Empirical DML,1.1736700610759463e-05,1.473939958922549e-05
weibull,500,Fixed bandwidth,Monotone fixed,Smooth plug-in,0.0001253373767067521,0.00011661166451889385
weibull,500,Fixed bandwidth,Original adaptive,Original fixed,7.063699929923014e-05,0.00037038638214407084
weibull,500,Fixed bandwidth,Original adaptive,Empirical DML,0.0001331932952592822,0.0003540127278237755
weibull,500,Fixed bandwidth,Original adaptive,Smooth plug-in,0.00024679397135527484,0.0003429231244681025
weibull,500,Fixed bandwidth,Monotone adaptive,Original fixed,-0.00019943877514354253,0.0001228838984038384
weibull,500,Fixed bandwidth,Monotone adaptive,Empirical DML,-0.00013688247918349045,7.704285737783276e-05
weibull,500,Fixed bandwidth,Monotone adaptive,Smooth plug-in,-2.328180308749784e-05,6.627820588692085e-05
weibull,2000,Exact reserve,Original fixed,Original fixed,0.0,0.0
weibull,2000,Exact reserve,Original fixed,Empirical DML,6.461822687726541e-07,3.0066606260741324e-06
weibull,2000,Exact reserve,Original fixed,Smooth plug-in,-8.094945393688773e-06,5.045718035065658e-05
weibull,2000,Exact reserve,Monotone fixed,Original fixed,6.100547147408205e-07,4.3984420676586235e-06
weibull,2000,Exact reserve,Monotone fixed,Empirical DML,1.2562369835134745e-06,2.974548950314033e-06
weibull,2000,Exact reserve,Monotone fixed,Smooth plug-in,-7.484890678947952e-06,5.3124290275949546e-05
weibull,2000,Exact reserve,Original adaptive,Original fixed,0.0006132577508183874,0.00043545293137066653
weibull,2000,Exact reserve,Original adaptive,Empirical DML,0.00061390393308716,0.00043606619391096816
weibull,2000,Exact reserve,Original adaptive,Smooth plug-in,0.0006051628054246986,0.00043433427139073994
weibull,2000,Exact reserve,Monotone adaptive,Original fixed,0.0004773549779071848,0.0002831601644877337
weibull,2000,Exact reserve,Monotone adaptive,Empirical DML,0.00047800116017595744,0.00028320509829211194
weibull,2000,Exact reserve,Monotone adaptive,Smooth plug-in,0.00046926003251349595,0.0002924605434136057
weibull,2000,Fixed bandwidth,Original fixed,Original fixed,0.0,0.0
weibull,2000,Fixed bandwidth,Original fixed,Empirical DML,9.408005672889779e-07,5.70988637533646e-07
weibull,2000,Fixed bandwidth,Original fixed,Smooth plug-in,-5.177553348064926e-06,1.1411424827048807e-05
weibull,2000,Fixed bandwidth,Monotone fixed,Original fixed,4.352484636066301e-07,8.262917421597751e-07
weibull,2000,Fixed bandwidth,Monotone fixed,Empirical DML,1.3760490308956078e-06,9.727518869840843e-07
weibull,2000,Fixed bandwidth,Monotone fixed,Smooth plug-in,-4.742304884458296e-06,1.1261138571883034e-05
weibull,2000,Fixed bandwidth,Original adaptive,Original fixed,7.367266089556277e-05,5.766685482136589e-05
weibull,2000,Fixed bandwidth,Original adaptive,Empirical DML,7.461346146285175e-05,5.7647886100293745e-05
weibull,2000,Fixed bandwidth,Original adaptive,Smooth plug-in,6.849510754749786e-05,5.904207408444339e-05
weibull,2000,Fixed bandwidth,Monotone adaptive,Original fixed,3.195090995706271e-05,3.332319907346751e-05
weibull,2000,Fixed bandwidth,Monotone adaptive,Empirical DML,3.289171052435168e-05,3.331525621408618e-05
weibull,2000,Fixed bandwidth,Monotone adaptive,Smooth plug-in,2.6773356608997776e-05,3.5392260725699286e-05
