distribution,auctions,procedure,method,repetitions,bias,rmse,coverage,coverage_low,coverage_high,interval_length,revenue_regret,multiple_root_rate,missing_root_rate,nonpositive_rate
lognormal,500,Exact reserve,Empirical DML,10,0.028226563381116086,0.059075331361832115,0.9,0.5958436145024278,0.9821242504842788,0.18470678893724776,0.0002610935496112663,0.0,0.0,0.0
lognormal,500,Exact reserve,Lognormal MLE,10,-0.006361333812733359,0.015103466920609281,1.0,0.7224598312333834,1.0,0.04949699636375544,8.529474525831304e-06,0.0,0.0,0.0
lognormal,500,Exact reserve,Monotone adaptive,10,0.021185755208827088,0.05254210611343758,0.9,0.5958436145024278,0.9821242504842788,0.18257491111567162,0.00019209015204517928,0.0,0.0,0.0
lognormal,500,Exact reserve,Monotone fixed,10,0.025524491711771437,0.0574577903378005,0.9,0.5958436145024278,0.9821242504842788,0.1817794541854632,0.00024327329361819452,0.0,0.0,0.0
lognormal,500,Exact reserve,Original adaptive,10,0.053909230992950675,0.08722318297187884,0.9,0.5958436145024278,0.9821242504842788,0.2255891510803852,0.0008025859392815982,0.0,0.0,0.0
lognormal,500,Exact reserve,Original fixed,10,0.026950869956440054,0.059280692947453174,0.9,0.5958436145024278,0.9821242504842788,0.18547229480566055,0.00026561868339328214,0.0,0.0,0.0
lognormal,500,Exact reserve,Smooth plug-in,10,0.017623556086533848,0.05303261319862024,0.9,0.5958436145024278,0.9821242504842788,0.1658556523461748,0.00019322790045536088,0.0,0.0,0.0
lognormal,500,Fixed bandwidth,Empirical DML,10,-0.002548505655970302,0.03618193675300102,0.9,0.5958436145024278,0.9821242504842788,0.12441110574167151,0.00033825853914834535,0.0,0.0,0.0
lognormal,500,Fixed bandwidth,Monotone adaptive,10,-0.006310480962569471,0.03579290482135373,0.9,0.5958436145024278,0.9821242504842788,0.12266943899117715,0.00029461790556292434,0.0,0.0,0.0
lognormal,500,Fixed bandwidth,Monotone fixed,10,-0.004062722060124718,0.03646260103406511,0.9,0.5958436145024278,0.9821242504842788,0.12270472717106999,0.0003249420411081584,0.0,0.0,0.0
lognormal,500,Fixed bandwidth,Original adaptive,10,0.01216143751017288,0.048960773551407946,0.9,0.5958436145024278,0.9821242504842788,0.14857035016136286,0.0006644663189287103,0.0,0.0,0.0
lognormal,500,Fixed bandwidth,Original fixed,10,-0.003342362565382747,0.03729521239682328,0.9,0.5958436145024278,0.9821242504842788,0.12501466083802762,0.0003394684914234386,0.0,0.0,0.0
lognormal,500,Fixed bandwidth,Smooth plug-in,10,-0.00874913739480437,0.036786097212510534,0.8,0.49015684672072335,0.9433190520193067,0.11341307080839898,0.00027955826505899326,0.0,0.0,0.0
lognormal,2000,Exact reserve,Empirical DML,10,-0.0003662650848367907,0.033510111315410145,0.9,0.5958436145024278,0.9821242504842788,0.13529956724996753,3.831936941010028e-05,0.0,0.0,0.0
lognormal,2000,Exact reserve,Lognormal MLE,10,-0.0002544542818593598,0.00732357519657416,1.0,0.7224598312333834,1.0,0.025123560256990512,2.065796235717343e-06,0.0,0.0,0.0
lognormal,2000,Exact reserve,Monotone adaptive,10,-0.0009624849866836212,0.0317616284629853,0.9,0.5958436145024278,0.9821242504842788,0.1306419076190178,3.5636514132090724e-05,0.0,0.0,0.0
lognormal,2000,Exact reserve,Monotone fixed,10,-0.0006781425203307289,0.03351354235832053,0.9,0.5958436145024278,0.9821242504842788,0.134723415827724,3.811115884597704e-05,0.0,0.0,0.0
lognormal,2000,Exact reserve,Original adaptive,10,0.024554637786377648,0.05580694428517819,0.9,0.5958436145024278,0.9821242504842788,0.17791965667386284,0.00027039706164739354,0.0,0.0,0.0
lognormal,2000,Exact reserve,Original fixed,10,-0.0002648574602316503,0.033507920368881006,0.9,0.5958436145024278,0.9821242504842788,0.13792251451676757,3.8439707169158974e-05,0.0,0.0,0.0
lognormal,2000,Exact reserve,Smooth plug-in,10,-0.00606100210122782,0.03486406387449057,0.8,0.49015684672072335,0.9433190520193067,0.1286329750902922,3.717324895668005e-05,0.0,0.0,0.0
lognormal,2000,Fixed bandwidth,Empirical DML,10,-0.008316296080543439,0.017962999197585754,0.9,0.5958436145024278,0.9821242504842788,0.06599344287864764,0.00017019383028406458,0.0,0.0,0.0
lognormal,2000,Fixed bandwidth,Monotone adaptive,10,-0.00828685776536628,0.017159946103591433,0.9,0.5958436145024278,0.9821242504842788,0.06524576205971544,0.00016809320998749638,0.0,0.0,0.0
lognormal,2000,Fixed bandwidth,Monotone fixed,10,-0.00836136182200522,0.017948401202658663,0.9,0.5958436145024278,0.9821242504842788,0.06587537356635904,0.000169771013833533,0.0,0.0,0.0
lognormal,2000,Fixed bandwidth,Original adaptive,10,-2.988409575850615e-06,0.024638631576359264,0.8,0.49015684672072335,0.9433190520193067,0.07673159644052148,0.0002838808703591393,0.0,0.0,0.0
lognormal,2000,Fixed bandwidth,Original fixed,10,-0.00829825465092599,0.017952275305263637,0.9,0.5958436145024278,0.9821242504842788,0.06671603582638533,0.00017032454533571142,0.0,0.0,0.0
lognormal,2000,Fixed bandwidth,Smooth plug-in,10,-0.00919843979228672,0.017186813356337968,0.9,0.5958436145024278,0.9821242504842788,0.06394797611701301,0.00016004770612074686,0.0,0.0,0.0
weibull,500,Exact reserve,Empirical DML,10,-0.008762187482941282,0.05294979093262473,0.9,0.5958436145024278,0.9821242504842788,0.22387703799871192,0.0003354409678254982,0.0,0.0,0.0
weibull,500,Exact reserve,Lognormal MLE,10,-0.09575484746665826,0.09660457301613783,0.0,0.0,0.2775401687666166,0.052938908965029896,0.0009546910799464901,0.0,0.0,0.0
weibull,500,Exact reserve,Monotone adaptive,10,-0.004746221679978729,0.05124597100551044,1.0,0.7224598312333834,1.0,0.23749937230213186,0.00031272340980641677,0.0,0.0,0.0
weibull,500,Exact reserve,Monotone fixed,10,-0.00921666026693979,0.05343161663113455,1.0,0.7224598312333834,1.0,0.22950785000346627,0.00033794267081577536,0.0,0.0,0.0
weibull,500,Exact reserve,Original adaptive,10,0.03308313221860342,0.06336894019942155,1.0,0.7224598312333834,1.0,0.258887660467693,0.0006937356824275146,0.0,0.0,0.0
weibull,500,Exact reserve,Original fixed,10,-0.007975494216725438,0.05518329933187895,0.9,0.5958436145024278,0.9821242504842788,0.23929241549985059,0.00036700898705041026,0.0,0.0,0.0
weibull,500,Exact reserve,Smooth plug-in,10,-0.01183014819965725,0.050317064855727116,1.0,0.7224598312333834,1.0,0.21997975356380978,0.0002967396140894759,0.0,0.0,0.0
weibull,500,Fixed bandwidth,Empirical DML,10,-0.011987122280587372,0.03557101040628113,1.0,0.7224598312333834,1.0,0.15774398048770463,0.0003405258779844941,0.0,0.0,0.0
weibull,500,Fixed bandwidth,Monotone adaptive,10,-0.008847942106044603,0.033591878514609305,1.0,0.7224598312333834,1.0,0.16571334509385646,0.0003614526725518091,0.0,0.0,0.0
weibull,500,Fixed bandwidth,Monotone fixed,10,-0.01217935700044245,0.03573560524091512,1.0,0.7224598312333834,1.0,0.16082613501280776,0.0003392765006431826,0.0,0.0,0.0
weibull,500,Fixed bandwidth,Original adaptive,10,0.01411942417251331,0.037396391224061215,1.0,0.7224598312333834,1.0,0.18073610753087488,0.0007819280671010883,0.0,0.0,0.0
weibull,500,Fixed bandwidth,Original fixed,10,-0.01120724584847884,0.03643971840291597,1.0,0.7224598312333834,1.0,0.16665199764694955,0.0003639709162736605,0.0,0.0,0.0
weibull,500,Fixed bandwidth,Smooth plug-in,10,-0.01364241244802924,0.0339366484088775,1.0,0.7224598312333834,1.0,0.1542752370587342,0.0002964897749517941,0.0,0.0,0.0
weibull,2000,Exact reserve,Empirical DML,10,0.02514498506627259,0.0326621765831793,0.9,0.5958436145024278,0.9821242504842788,0.13035099172736841,0.0001686461856050566,0.0,0.0,0.0
weibull,2000,Exact reserve,Lognormal MLE,10,-0.09716934022688467,0.09729613078806545,0.0,0.0,0.2775401687666166,0.026747633407110467,0.0009722366897810799,0.0,0.0,0.0
weibull,2000,Exact reserve,Monotone adaptive,10,0.03154644604715437,0.03930418475591045,0.9,0.5958436145024278,0.9821242504842788,0.13701420749825732,0.0002510452421785402,0.0,0.0,0.0
weibull,2000,Exact reserve,Monotone fixed,10,0.02514132765645205,0.03268140168558105,0.9,0.5958436145024278,0.9821242504842788,0.13116469625221328,0.00016882043093360981,0.0,0.0,0.0
weibull,2000,Exact reserve,Original adaptive,10,0.03287531593337171,0.040996606106334536,0.9,0.5958436145024278,0.9821242504842788,0.14088149391181343,0.0002799198680069395,0.0,0.0,0.0
weibull,2000,Exact reserve,Original fixed,10,0.02521845965008962,0.0326720669903139,0.9,0.5958436145024278,0.9821242504842788,0.13256799125921348,0.00016880160779153018,0.0,0.0,0.0
weibull,2000,Exact reserve,Smooth plug-in,10,0.02471716587013678,0.03279571476295718,0.9,0.5958436145024278,0.9821242504842788,0.12903258022842565,0.00017037965768695415,0.0,0.0,0.0
weibull,2000,Fixed bandwidth,Empirical DML,10,0.0017993102524667796,0.014325590711429161,1.0,0.7224598312333834,1.0,0.0700390629166634,0.00035030653602018895,0.0,0.0,0.0
weibull,2000,Fixed bandwidth,Monotone adaptive,10,0.0036247176159740395,0.015430951356145776,1.0,0.7224598312333834,1.0,0.07293435919333725,0.00038332340443853667,0.0,0.0,0.0
weibull,2000,Fixed bandwidth,Monotone fixed,10,0.0017846309206075203,0.014373538126094113,1.0,0.7224598312333834,1.0,0.07030935341556542,0.0003503652548937755,0.0,0.0,0.0
weibull,2000,Fixed bandwidth,Original adaptive,10,0.005010132729314229,0.01672829969525406,1.0,0.7224598312333834,1.0,0.07413461306120048,0.0004120129480407717,0.0,0.0,0.0
weibull,2000,Fixed bandwidth,Original fixed,10,0.0018267576136175,0.01435838952663823,1.0,0.7224598312333834,1.0,0.07082601618820497,0.00035088996385761217,0.0,0.0,0.0
weibull,2000,Fixed bandwidth,Smooth plug-in,10,0.0015448246785594553,0.014537568680723038,1.0,0.7224598312333834,1.0,0.06930170204209542,0.0003476524010110947,0.0,0.0,0.0
