distribution,auctions,repetition,fold,architecture,bandwidth,weight,risk_0,risk_0.25,risk_0.5,risk_1,evaluation_base_seed
lognormal,500,1,1,original,0.15,1.0,0.8259961837429188,0.8233087700372139,0.8212134135730033,0.8187988723690641,20260930
lognormal,500,1,1,original,0.2121320343559642,1.0,0.8735183831811872,0.8703820485349311,0.8678081460966548,0.8643476378440426,20260930
lognormal,500,1,1,monotone,0.15,0.0,0.8259961837429188,0.8271897261212318,0.8286739590958613,0.8325144968340695,20260930
lognormal,500,1,1,monotone,0.2121320343559642,0.0,0.8735183831811872,0.8744949172810431,0.8757206893089999,0.8789199471492174,20260930
lognormal,500,1,2,original,0.15,0.5,0.5844150196842495,0.5839124864925078,0.5838412230058988,0.5849925051480798,20260930
lognormal,500,1,2,original,0.2121320343559642,0.0,0.6432010395650339,0.6434543907318458,0.6439623944733449,0.6457423596804048,20260930
lognormal,500,1,2,monotone,0.15,0.0,0.5844150196842495,0.5847746179239416,0.5853186599768868,0.5869600755225357,20260930
lognormal,500,1,2,monotone,0.2121320343559642,0.0,0.6432010395650339,0.6434636074170773,0.6438541240872417,0.6450190038819354,20260930
lognormal,500,1,3,original,0.15,1.0,1.2170446591567998,1.2167244290158552,1.216529867275271,1.21651774899518,20260930
lognormal,500,1,3,original,0.2121320343559642,0.0,1.2451529698746968,1.245567523010526,1.2460399064474943,1.2471581642248497,20260930
lognormal,500,1,3,monotone,0.15,1.0,1.2170446591567998,1.2153637406138669,1.213848962101192,1.2113178251666157,20260930
lognormal,500,1,3,monotone,0.2121320343559642,1.0,1.2451529698746968,1.2443628828834812,1.243677692103746,1.2426219991787166,20260930
lognormal,500,2,1,original,0.15,0.0,0.6679038818959255,0.6689063786920966,0.6702493790834136,0.6739568906514868,20260930
lognormal,500,2,1,original,0.2121320343559642,0.0,0.7178502086398919,0.7189876830235874,0.7204096044508846,0.7241067884362845,20260930
lognormal,500,2,1,monotone,0.15,0.0,0.6679038818959255,0.6682938843154985,0.6687789691861946,0.670034386280956,20260930
lognormal,500,2,1,monotone,0.2121320343559642,0.0,0.7178502086398919,0.7182957413219804,0.7188281725693575,0.7201537307599768,20260930
lognormal,500,2,2,original,0.15,1.0,1.1882543741291265,1.1877231290678611,1.187265030477571,1.1865682727099158,20260930
lognormal,500,2,2,original,0.2121320343559642,1.0,1.1774506038295611,1.177238386858087,1.1770845239823315,1.1769518605179805,20260930
lognormal,500,2,2,monotone,0.15,1.0,1.1882543741291265,1.1858755905988447,1.1837721964110854,1.1803915760631338,20260930
lognormal,500,2,2,monotone,0.2121320343559642,1.0,1.1774506038295611,1.175013992288127,1.1728297394198544,1.1692183097027946,20260930
lognormal,500,2,3,original,0.15,0.0,0.9116540660480774,0.9147593887473806,0.9185912807332338,0.9284347725645908,20260930
lognormal,500,2,3,original,0.2121320343559642,0.0,0.8841664295888667,0.8870206512135556,0.8903914678557613,0.8986828861927235,20260930
lognormal,500,2,3,monotone,0.15,0.0,0.9116540660480774,0.9119132724776272,0.9121898777568505,0.912795284864317,20260930
lognormal,500,2,3,monotone,0.2121320343559642,0.0,0.8841664295888667,0.8843644616804758,0.8845787265961977,0.8850559548999803,20260930
lognormal,500,3,1,original,0.15,0.5,0.7164480215862589,0.7159005576076328,0.7158311683878603,0.7171266142248768,20260930
lognormal,500,3,1,original,0.2121320343559642,0.5,0.7613383677207916,0.7606687919211349,0.7604611869620633,0.7614318895656756,20260930
lognormal,500,3,1,monotone,0.15,0.0,0.7164480215862589,0.7165378939956318,0.7166686909034756,0.7170530582145749,20260930
lognormal,500,3,1,monotone,0.2121320343559642,0.0,0.7613383677207916,0.7613639304716118,0.7614094744002957,0.7615605057912553,20260930
lognormal,500,3,2,original,0.15,0.0,0.2178259933745797,0.2211829150230161,0.224848038406513,0.2331028903786886,20260930
lognormal,500,3,2,original,0.2121320343559642,0.0,0.2958257761073309,0.2994353988656105,0.3033204485238248,0.3119168285400572,20260930
lognormal,500,3,2,monotone,0.15,0.0,0.2178259933745797,0.2192495237862554,0.2209644463045373,0.2252684676609194,20260930
lognormal,500,3,2,monotone,0.2121320343559642,0.0,0.2958257761073309,0.2971398575878716,0.2985912219929236,0.3019057995765622,20260930
lognormal,500,3,3,original,0.15,1.0,1.7492738212940324,1.7469670088520457,1.7448088877409016,1.7409387195111417,20260930
lognormal,500,3,3,original,0.2121320343559642,1.0,1.5260452284081314,1.5231668267848677,1.5204137106361526,1.515283334762367,20260930
lognormal,500,3,3,monotone,0.15,1.0,1.7492738212940324,1.7472291624529777,1.745290303050775,1.7417299825629236,20260930
lognormal,500,3,3,monotone,0.2121320343559642,1.0,1.5260452284081314,1.524499702547491,1.5230304591719266,1.5203208198760256,20260930
lognormal,500,4,1,original,0.15,0.0,1.422318629707131,1.4241903728492646,1.4273256575855364,1.4373868518404933,20260930
lognormal,500,4,1,original,0.2121320343559642,0.0,1.164647020451952,1.1661422918630144,1.1689814311404725,1.1786913132945762,20260930
lognormal,500,4,1,monotone,0.15,1.0,1.422318629707131,1.421850020675016,1.4214682919708317,1.4209654755462555,20260930
lognormal,500,4,1,monotone,0.2121320343559642,1.0,1.164647020451952,1.1642932722297152,1.1640354263134278,1.1638074413987007,20260930
lognormal,500,4,2,original,0.15,0.0,0.4051398828704687,0.4104035858954843,0.4163465327224715,0.4302701577823609,20260930
lognormal,500,4,2,original,0.2121320343559642,0.0,0.4607636570580915,0.4677235852025239,0.475408740940414,0.4929547351965677,20260930
lognormal,500,4,2,monotone,0.15,0.0,0.4051398828704687,0.405685380149591,0.4064135109093933,0.4084176728710378,20260930
lognormal,500,4,2,monotone,0.2121320343559642,0.0,0.4607636570580915,0.4614386096836065,0.4622132099967933,0.4640613536861823,20260930
lognormal,500,4,3,original,0.15,0.0,1.0787996189382154,1.0791977119307412,1.0799978055400803,1.0828039946091996,20260930
lognormal,500,4,3,original,0.2121320343559642,0.0,1.090159881005166,1.0906245614030718,1.091327403299056,1.0934475715852574,20260930
lognormal,500,4,3,monotone,0.15,1.0,1.0787996189382154,1.0780787952424276,1.0774126516344795,1.0762444046821018,20260930
lognormal,500,4,3,monotone,0.2121320343559642,1.0,1.090159881005166,1.0894421907043754,1.088766628972748,1.0875418912169812,20260930
lognormal,500,5,1,original,0.15,1.0,0.5780999603700758,0.5780489409895375,0.578013717412225,0.5779906576672766,20260930
lognormal,500,5,1,original,0.2121320343559642,1.0,0.6326561802992169,0.631980430585834,0.631323525878223,0.630066251480317,20260930
lognormal,500,5,1,monotone,0.15,0.0,0.5780999603700758,0.5795566223940984,0.5813069842823965,0.5856888076518196,20260930
lognormal,500,5,1,monotone,0.2121320343559642,0.0,0.6326561802992169,0.6343869199427692,0.6363408216216282,0.640918111085266,20260930
lognormal,500,5,2,original,0.15,1.0,0.3593233475581388,0.3573018288723413,0.3557533036567833,0.3540752336363854,20260930
lognormal,500,5,2,original,0.2121320343559642,1.0,0.4442262943927931,0.4423853379501515,0.4408895519520351,0.438933491289378,20260930
lognormal,500,5,2,monotone,0.15,1.0,0.3593233475581388,0.3576461491282066,0.3561892038740715,0.3539360728931931,20260930
lognormal,500,5,2,monotone,0.2121320343559642,1.0,0.4442262943927931,0.4428253410226055,0.4416274737766531,0.4398409976574535,20260930
lognormal,500,5,3,original,0.15,0.5,0.4528628834107132,0.449335744890913,0.4480782240543857,0.4523720354311492,20260930
lognormal,500,5,3,original,0.2121320343559642,0.5,0.5209717516527274,0.5164832448637356,0.5146732542027304,0.51908882126468,20260930
lognormal,500,5,3,monotone,0.15,1.0,0.4528628834107132,0.4520701594731897,0.4514014277590482,0.4504359410009119,20260930
lognormal,500,5,3,monotone,0.2121320343559642,1.0,0.5209717516527274,0.5199439347475386,0.5190324977022088,0.5175587631911263,20260930
lognormal,500,6,1,original,0.15,1.0,0.5499052100612783,0.5471600873740928,0.5451995737440241,0.5436323736552382,20260930
lognormal,500,6,1,original,0.2121320343559642,1.0,0.6026454967281871,0.6004549860998535,0.5989818002056048,0.598187402619362,20260930
lognormal,500,6,1,monotone,0.15,1.0,0.5499052100612783,0.5492575254363037,0.5486800061825261,0.5477354637885625,20260930
lognormal,500,6,1,monotone,0.2121320343559642,1.0,0.6026454967281871,0.602216274931408,0.6018189928630243,0.6011202479114425,20260930
lognormal,500,6,2,original,0.15,0.0,0.961056085651578,0.9615811081986492,0.9622753699992712,0.9641716113611698,20260930
lognormal,500,6,2,original,0.2121320343559642,0.0,0.9512854560629646,0.9515720836780204,0.951956687247712,0.9530198222510022,20260930
lognormal,500,6,2,monotone,0.15,0.5,0.961056085651578,0.9609286419172094,0.9608998971404336,0.9611385044596616,20260930
lognormal,500,6,2,monotone,0.2121320343559642,0.5,0.9512854560629646,0.9511487863485824,0.9510839510424036,0.951169783654657,20260930
lognormal,500,6,3,original,0.15,0.5,0.5222058890719264,0.5215643404126588,0.5213590953728142,0.5222575161513947,20260930
lognormal,500,6,3,original,0.2121320343559642,0.25,0.6026477927707102,0.602547611948172,0.6027335029956986,0.6039635007009468,20260930
lognormal,500,6,3,monotone,0.15,1.0,0.5222058890719264,0.5218626547113343,0.5216011620209471,0.5213234016507872,20260930
lognormal,500,6,3,monotone,0.2121320343559642,1.0,0.6026477927707102,0.6025106039940041,0.6024206601932921,0.602382507519851,20260930
lognormal,500,7,1,original,0.15,1.0,0.4867561472673687,0.4861757214078051,0.4857397607761261,0.4853012351964211,20260930
lognormal,500,7,1,original,0.2121320343559642,1.0,0.574302110700032,0.5734490984655972,0.5727199176036201,0.5716330499970389,20260930
lognormal,500,7,1,monotone,0.15,0.0,0.4867561472673687,0.4868935794196614,0.4870424964851451,0.4873747853556853,20260930
lognormal,500,7,1,monotone,0.2121320343559642,0.0,0.574302110700032,0.5743596049045527,0.5744197257890719,0.5745478475981054,20260930
lognormal,500,7,2,original,0.15,0.0,0.8287216290203543,0.8293648701953498,0.8302442005565338,0.8327111288374668,20260930
lognormal,500,7,2,original,0.2121320343559642,0.0,0.813846728034386,0.8144140719095944,0.8151998822967454,0.8174269026068758,20260930
lognormal,500,7,2,monotone,0.15,1.0,0.8287216290203543,0.8286863517172733,0.8286609276178948,0.8286396390302451,20260930
lognormal,500,7,2,monotone,0.2121320343559642,1.0,0.813846728034386,0.8138219663597267,0.8138002078214169,0.8137657001538464,20260930
lognormal,500,7,3,original,0.15,1.0,0.702972888154116,0.7026638965968253,0.7024448156865629,0.7022763858071231,20260930
lognormal,500,7,3,original,0.2121320343559642,1.0,0.7881534048037263,0.7878384119007453,0.7875810932631707,0.78723947878424,20260930
lognormal,500,7,3,monotone,0.15,0.0,0.702972888154116,0.7031198563558783,0.7032968732757702,0.703741053269943,20260930
lognormal,500,7,3,monotone,0.2121320343559642,0.0,0.7881534048037263,0.788337117888876,0.7885455452482292,0.7890365427895458,20260930
lognormal,500,8,1,original,0.15,0.0,1.0739670299194557,1.0757776707088915,1.0777921817966802,1.082432814867314,20260930
lognormal,500,8,1,original,0.2121320343559642,0.0,1.096970374765774,1.098529390755572,1.100274579575766,1.1043234757073417,20260930
lognormal,500,8,1,monotone,0.15,1.0,1.0739670299194557,1.073509401161315,1.0731020219285556,1.07243801203918,20260930
lognormal,500,8,1,monotone,0.2121320343559642,0.5,1.096970374765774,1.0968740184554946,1.0968216421569097,1.0968488295948235,20260930
lognormal,500,8,2,original,0.15,0.0,1.16227096027413,1.1668608742883988,1.1720182705130373,1.1840355095934232,20260930
lognormal,500,8,2,original,0.2121320343559642,0.0,1.196612110724263,1.2016601159928482,1.2072468969680157,1.2200367860381,20260930
lognormal,500,8,2,monotone,0.15,1.0,1.16227096027413,1.161809843486742,1.161381654822447,1.160624061863135,20260930
lognormal,500,8,2,monotone,0.2121320343559642,1.0,1.196612110724263,1.1958600117445584,1.1951349285456652,1.1937658094903123,20260930
lognormal,500,8,3,original,0.15,0.0,0.539235766709327,0.5417469098825646,0.5452843204884088,0.5554379439979181,20260930
lognormal,500,8,3,original,0.2121320343559642,0.0,0.6320779050458404,0.634350956471197,0.6375496395618475,0.6467239007390299,20260930
lognormal,500,8,3,monotone,0.15,0.0,0.539235766709327,0.5396415627299893,0.5401184780016112,0.541285666297734,20260930
lognormal,500,8,3,monotone,0.2121320343559642,0.0,0.6320779050458404,0.6322732369171777,0.6325172291289344,0.6331511945737056,20260930
lognormal,500,9,1,original,0.15,1.0,0.6418022383077567,0.6379388639193975,0.6354103540978943,0.6343579281554567,20260930
lognormal,500,9,1,original,0.2121320343559642,1.0,0.6785470983505271,0.6751333687580823,0.6728949424057604,0.6719439994214857,20260930
lognormal,500,9,1,monotone,0.15,1.0,0.6418022383077567,0.6396337902781183,0.6377981526003994,0.6351253083007207,20260930
lognormal,500,9,1,monotone,0.2121320343559642,1.0,0.6785470983505271,0.6766508800549712,0.6750875801222594,0.6729597353453681,20260930
lognormal,500,9,2,original,0.15,0.0,0.8787378519495177,0.8817865640218957,0.8857343619738829,0.8963272155166846,20260930
lognormal,500,9,2,original,0.2121320343559642,0.0,0.965268114110361,0.9685216953232606,0.9725428304018344,0.9828877621560048,20260930
lognormal,500,9,2,monotone,0.15,0.0,0.8787378519495177,0.8800734219393093,0.8816241929157218,0.8853713378284097,20260930
lognormal,500,9,2,monotone,0.2121320343559642,0.0,0.965268114110361,0.9668696844168816,0.9686546250039832,0.9727746170199272,20260930
lognormal,500,9,3,original,0.15,0.25,1.672231954215987,1.6714582025015456,1.6716961159516817,1.6752069383456858,20260930
lognormal,500,9,3,original,0.2121320343559642,0.0,1.3132923604111897,1.3146391306461305,1.317180690055313,1.325848176396403,20260930
lognormal,500,9,3,monotone,0.15,1.0,1.672231954215987,1.6679552721999085,1.6640310464196428,1.6572399635665511,20260930
lognormal,500,9,3,monotone,0.2121320343559642,1.0,1.3132923604111897,1.3113012033625162,1.3094563247138655,1.306205402616632,20260930
lognormal,500,10,1,original,0.15,1.0,0.4517465506167791,0.4507268599891651,0.4498604545219565,0.4485874990687561,20260930
lognormal,500,10,1,original,0.2121320343559642,1.0,0.5486557933688471,0.5482647275525387,0.5479295639211417,0.5474269432130815,20260930
lognormal,500,10,1,monotone,0.15,1.0,0.4517465506167791,0.4512621040164605,0.4508159177911451,0.4500383264655236,20260930
lognormal,500,10,1,monotone,0.2121320343559642,1.0,0.5486557933688471,0.5485997125513775,0.54856204526794,0.5485419513031609,20260930
lognormal,500,10,2,original,0.15,1.0,0.8605917698834803,0.8594228518569303,0.8584691582446654,0.8572074442629918,20260930
lognormal,500,10,2,original,0.2121320343559642,1.0,0.8948572483721627,0.8937208157744204,0.8927436913994039,0.8912673673175484,20260930
lognormal,500,10,2,monotone,0.15,0.0,0.8605917698834803,0.8608256401825334,0.8612089988896993,0.8624241815283713,20260930
lognormal,500,10,2,monotone,0.2121320343559642,0.0,0.8948572483721627,0.8951837789237244,0.895639720653773,0.8969398376493298,20260930
lognormal,500,10,3,original,0.15,1.0,1.2767055767385451,1.276603102978532,1.276529616655921,1.2764696063229046,20260930
lognormal,500,10,3,original,0.2121320343559642,1.0,1.0445123003399153,1.0442638771180257,1.0440493071884591,1.0437217272062966,20260930
lognormal,500,10,3,monotone,0.15,0.5,1.2767055767385451,1.276584612718337,1.2765380904588255,1.2766683712218938,20260930
lognormal,500,10,3,monotone,0.2121320343559642,0.0,1.0445123003399153,1.0447016125597144,1.0449650165246671,1.0457140996900338,20260930
lognormal,2000,1,1,original,0.1136787424882798,0.25,0.5507800860268262,0.5503835432498055,0.5512803566251103,0.556954051832696,20260930
lognormal,2000,1,1,original,0.15,0.25,0.5917432743411514,0.5913326815431491,0.5922247660881181,0.5979169672069709,20260930
lognormal,2000,1,1,original,0.1607660193804439,0.25,0.6032837543017124,0.6028779927698548,0.6037572423308855,0.6093707747316113,20260930
lognormal,2000,1,1,monotone,0.1136787424882798,0.5,0.5507800860268262,0.5506932617445435,0.5506531780425348,0.550713232379339,20260930
lognormal,2000,1,1,monotone,0.15,1.0,0.5917432743411514,0.5916432542578264,0.5915782256244335,0.591553142707444,20260930
lognormal,2000,1,1,monotone,0.1607660193804439,1.0,0.6032837543017124,0.6031812327723411,0.6031106302670811,0.603065182328895,20260930
lognormal,2000,1,2,original,0.1136787424882798,0.0,0.8747844305247444,0.8754115415168439,0.8762342811565594,0.8784666463788385,20260930
lognormal,2000,1,2,original,0.15,0.0,0.8563498740335517,0.8571452227099087,0.8581933746062025,0.8610480880586008,20260930
lognormal,2000,1,2,original,0.1607660193804439,0.0,0.8517040853429518,0.8525441437732463,0.8536551496839371,0.8566900039465091,20260930
lognormal,2000,1,2,monotone,0.1136787424882798,1.0,0.8747844305247444,0.8743174386067815,0.8739284138090687,0.8733842655743953,20260930
lognormal,2000,1,2,monotone,0.15,1.0,0.8563498740335517,0.8560484571640302,0.8557906065908675,0.8554056043336182,20260930
lognormal,2000,1,2,monotone,0.1607660193804439,1.0,0.8517040853429518,0.8514378073450645,0.8512077076190966,0.8508560429829186,20260930
lognormal,2000,1,3,original,0.1136787424882798,0.0,0.7698381227010033,0.7704441729274292,0.7716526637054573,0.7758769669163211,20260930
lognormal,2000,1,3,original,0.15,0.0,0.7853467153105185,0.7859436532523125,0.787124283241695,0.791236619363224,20260930
lognormal,2000,1,3,original,0.1607660193804439,0.0,0.7892485828742497,0.7898293365794191,0.7909786557359018,0.7949829904028084,20260930
lognormal,2000,1,3,monotone,0.1136787424882798,0.5,0.7698381227010033,0.7697064349773668,0.7696707045857113,0.7698871157983423,20260930
lognormal,2000,1,3,monotone,0.15,0.25,0.7853467153105185,0.7852991334716578,0.7853135424025379,0.7855283325735194,20260930
lognormal,2000,1,3,monotone,0.1607660193804439,0.25,0.7892485828742497,0.7892167644378015,0.7892394306071332,0.7894482167631357,20260930
lognormal,2000,2,1,original,0.1136787424882798,1.0,0.7674836463192816,0.766948293581585,0.7665952226437955,0.7664359261679381,20260930
lognormal,2000,2,1,original,0.15,1.0,0.8129356486177008,0.8126015851334504,0.812398138588222,0.8123830963148307,20260930
lognormal,2000,2,1,original,0.1607660193804439,1.0,0.8266860919357227,0.8263910370022615,0.8262122904236725,0.8262037223311111,20260930
lognormal,2000,2,1,monotone,0.1136787424882798,0.0,0.7674836463192816,0.7678333018491791,0.7682279705165338,0.7691523472636145,20260930
lognormal,2000,2,1,monotone,0.15,0.0,0.8129356486177008,0.8135808817936185,0.8142649209815127,0.8157494173932299,20260930
lognormal,2000,2,1,monotone,0.1607660193804439,0.0,0.8266860919357227,0.8274074719413105,0.8281677311792869,0.8298048873524054,20260930
lognormal,2000,2,2,original,0.1136787424882798,0.0,0.634213829474874,0.6343104037744264,0.6346027735198384,0.6357748993482406,20260930
lognormal,2000,2,2,original,0.15,0.0,0.6629506656501075,0.6629940213646125,0.6632144115969439,0.6641862956150859,20260930
lognormal,2000,2,2,original,0.1607660193804439,0.0,0.6706951906725201,0.6707264497408665,0.6709262027179557,0.6718311903983619,20260930
lognormal,2000,2,2,monotone,0.1136787424882798,0.5,0.634213829474874,0.6341828527385741,0.6341647229749336,0.6341670043656307,20260930
lognormal,2000,2,2,monotone,0.15,1.0,0.6629506656501075,0.6629156709218987,0.662891271984879,0.6628742614844066,20260930
lognormal,2000,2,2,monotone,0.1607660193804439,1.0,0.6706951906725201,0.670660497377988,0.6706357072186061,0.6706158363052923,20260930
lognormal,2000,2,3,original,0.1136787424882798,0.0,1.0092857726562516,1.0113968663388129,1.0142915782656312,1.022431856852038,20260930
lognormal,2000,2,3,original,0.15,0.0,0.9805525879029166,0.982635296928884,0.9855668421350916,0.9939764410882248,20260930
lognormal,2000,2,3,original,0.1607660193804439,0.0,0.9754371220913842,0.977484957100462,0.980393532169267,0.9887929024860568,20260930
lognormal,2000,2,3,monotone,0.1136787424882798,1.0,1.0092857726562516,1.0089691889011951,1.008675371375984,1.0081560350150982,20260930
lognormal,2000,2,3,monotone,0.15,1.0,0.9805525879029166,0.9803254900290505,0.98011902220513,0.979767976707126,20260930
lognormal,2000,2,3,monotone,0.1607660193804439,1.0,0.9754371220913842,0.975237091169794,0.9750584240302138,0.9747651810970837,20260930
lognormal,2000,3,1,original,0.1136787424882798,0.0,1.1033501989411374,1.1054510356405158,1.1084281260078488,1.117011067746379,20260930
lognormal,2000,3,1,original,0.15,0.0,1.0616830835597089,1.0638908700912972,1.066988893629243,1.075855651724209,20260930
lognormal,2000,3,1,original,0.1607660193804439,0.0,1.0482857620222488,1.0504810056555314,1.053558835342291,1.0623622528762386,20260930
lognormal,2000,3,1,monotone,0.1136787424882798,0.0,1.1033501989411374,1.1036856397966548,1.1040582954121814,1.1049152509232616,20260930
lognormal,2000,3,1,monotone,0.15,0.0,1.0616830835597089,1.061998430408271,1.062344519873938,1.0631289266565858,20260930
lognormal,2000,3,1,monotone,0.1607660193804439,0.0,1.0482857620222488,1.0485891324544436,1.0489209412777492,1.0496698740976935,20260930
lognormal,2000,3,2,original,0.1136787424882798,0.25,0.589959940719384,0.58959105809477,0.5897877202235544,0.5918776787413189,20260930
lognormal,2000,3,2,original,0.15,0.25,0.6184245423133863,0.6180122488857431,0.618147169732268,0.6200586542478211,20260930
lognormal,2000,3,2,original,0.1607660193804439,0.25,0.6282602934893999,0.6278448970547433,0.6279620451281216,0.6297939747989826,20260930
lognormal,2000,3,2,monotone,0.1136787424882798,0.0,0.589959940719384,0.5899893072923154,0.5900467081749909,0.5902456128695756,20260930
lognormal,2000,3,2,monotone,0.15,0.0,0.6184245423133863,0.6184992202046731,0.6185913424715349,0.6188279201319837,20260930
lognormal,2000,3,2,monotone,0.1607660193804439,0.0,0.6282602934893999,0.6283451236687593,0.6284451060375167,0.6286905273432254,20260930
lognormal,2000,3,3,original,0.1136787424882798,0.25,0.5166585717287062,0.5164356462989887,0.5165113313195913,0.517558532711756,20260930
lognormal,2000,3,3,original,0.15,0.25,0.5519352860097599,0.5517377488527448,0.5518073596525657,0.5527480251227147,20260930
lognormal,2000,3,3,original,0.1607660193804439,0.25,0.5650572028725523,0.5648709138118998,0.5649373905967854,0.5658286417031713,20260930
lognormal,2000,3,3,monotone,0.1136787424882798,1.0,0.5166585717287062,0.5164903809356914,0.5163535414919639,0.5161739166523707,20260930
lognormal,2000,3,3,monotone,0.15,1.0,0.5519352860097599,0.5518425931017594,0.5517710758992702,0.5516915686108264,20260930
lognormal,2000,3,3,monotone,0.1607660193804439,1.0,0.5650572028725523,0.5649813685992439,0.5649236342604091,0.5648624653861609,20260930
lognormal,2000,4,1,original,0.1136787424882798,0.0,0.5055214366649745,0.5059916487742696,0.5065656570850318,0.5080250623109565,20260930
lognormal,2000,4,1,original,0.15,0.0,0.5293516203052623,0.5299480785790445,0.5306578499353857,0.5324173318957444,20260930
lognormal,2000,4,1,original,0.1607660193804439,0.0,0.538260433087714,0.5388945505421281,0.5396438575773956,0.5414880403904915,20260930
lognormal,2000,4,1,monotone,0.1136787424882798,0.0,0.5055214366649745,0.5060661744895258,0.5067144675676598,0.508321719484676,20260930
lognormal,2000,4,1,monotone,0.15,0.0,0.5293516203052623,0.5299492458228663,0.5306475978120903,0.5323464812053982,20260930
lognormal,2000,4,1,monotone,0.1607660193804439,0.0,0.538260433087714,0.5388667484513733,0.5395723153679522,0.541281203859869,20260930
lognormal,2000,4,2,original,0.1136787424882798,1.0,0.7404720405315642,0.7401572896106156,0.7399465558757007,0.7398371399639719,20260930
lognormal,2000,4,2,original,0.15,1.0,0.6443824203345393,0.6440400765512552,0.6437941174062191,0.6435913530308912,20260930
lognormal,2000,4,2,original,0.1607660193804439,1.0,0.6289988783025352,0.6286484644206092,0.6283903302189265,0.6281509008562907,20260930
lognormal,2000,4,2,monotone,0.1136787424882798,0.0,0.7404720405315642,0.7404890033231434,0.7405544865025756,0.7408310140249996,20260930
lognormal,2000,4,2,monotone,0.15,0.0,0.6443824203345393,0.64451073931101,0.6446722657567948,0.6450949410563074,20260930
lognormal,2000,4,2,monotone,0.1607660193804439,0.0,0.6289988783025352,0.6291481510191772,0.6293273369192607,0.6297754482697521,20260930
lognormal,2000,4,3,original,0.1136787424882798,1.0,0.7000910585484302,0.6998875779655583,0.6997409304650157,0.6996181347109176,20260930
lognormal,2000,4,3,original,0.15,1.0,0.7388371508229588,0.7386121032891041,0.7384489515214147,0.7383083352845317,20260930
lognormal,2000,4,3,original,0.1607660193804439,1.0,0.7524150160018995,0.7521797726859354,0.7520078570276246,0.7518540086839639,20260930
lognormal,2000,4,3,monotone,0.1136787424882798,1.0,0.7000910585484302,0.6999547745734231,0.6998321964709145,0.6996281578833924,20260930
lognormal,2000,4,3,monotone,0.15,1.0,0.7388371508229588,0.7387277104719162,0.7386254910902855,0.7384427152352611,20260930
lognormal,2000,4,3,monotone,0.1607660193804439,1.0,0.7524150160018995,0.7523086274659753,0.7522084520114336,0.7520267403464976,20260930
lognormal,2000,5,1,original,0.1136787424882798,0.0,0.788402710766331,0.7895973223700645,0.7910925836595716,0.7949850552959065,20260930
lognormal,2000,5,1,original,0.15,0.0,0.8265407553320301,0.8275851534485402,0.8289241849778737,0.8324861482750096,20260930
lognormal,2000,5,1,original,0.1607660193804439,0.0,0.8369688121885651,0.8379561885768528,0.8392323567802029,0.8426510686320899,20260930
lognormal,2000,5,1,monotone,0.1136787424882798,1.0,0.788402710766331,0.7880291579990799,0.7876857411739513,0.7870893153500613,20260930
lognormal,2000,5,1,monotone,0.15,1.0,0.8265407553320301,0.8261717796858995,0.8258331058512819,0.8252466636165853,20260930
lognormal,2000,5,1,monotone,0.1607660193804439,1.0,0.8369688121885651,0.8366080079986169,0.8362765309598554,0.8357015583358931,20260930
lognormal,2000,5,2,original,0.1136787424882798,0.0,0.5804448707544326,0.5809880297427467,0.5819151789791704,0.5849214481963468,20260930
lognormal,2000,5,2,original,0.15,0.0,0.6317723849529289,0.6323488083818118,0.633302943782383,0.6363443504985904,20260930
lognormal,2000,5,2,original,0.1607660193804439,0.0,0.6466111973656032,0.6471880729763062,0.648133211828881,0.6511282792596458,20260930
lognormal,2000,5,2,monotone,0.1136787424882798,0.0,0.5804448707544326,0.5804702638994064,0.5804974483290591,0.5805571910424017,20260930
lognormal,2000,5,2,monotone,0.15,0.0,0.6317723849529289,0.6318023769562796,0.6318336050157849,0.6318997693032604,20260930
lognormal,2000,5,2,monotone,0.1607660193804439,0.0,0.6466111973656032,0.646641330860948,0.646672701159819,0.6467391521681408,20260930
lognormal,2000,5,3,original,0.1136787424882798,0.0,0.2566620973815589,0.2569726995562481,0.2573556897852231,0.2583388344060313,20260930
lognormal,2000,5,3,original,0.15,0.0,0.3038392869184686,0.3044156017833581,0.3050841701803675,0.3066980675707466,20260930
lognormal,2000,5,3,original,0.1607660193804439,0.0,0.3194590182546102,0.3201239046777855,0.320888268926028,0.3227154308977141,20260930
lognormal,2000,5,3,monotone,0.1136787424882798,1.0,0.2566620973815589,0.2560739073940942,0.2555367955531488,0.2546158063108152,20260930
lognormal,2000,5,3,monotone,0.15,1.0,0.3038392869184686,0.3031452144443879,0.3025032257241271,0.3013754995450646,20260930
lognormal,2000,5,3,monotone,0.1607660193804439,1.0,0.3194590182546102,0.3187368446709194,0.3180674817724258,0.3168871880310296,20260930
lognormal,2000,6,1,original,0.1136787424882798,0.0,0.9806814749792306,0.9818356027776266,0.9834554350259984,0.9880922128726688,20260930
lognormal,2000,6,1,original,0.15,0.0,0.9602833627663176,0.961317373625095,0.962813228948054,0.9671904729865158,20260930
lognormal,2000,6,1,original,0.1607660193804439,0.0,0.9491888117969008,0.9501644207683664,0.9515922028832172,0.9558042865430738,20260930
lognormal,2000,6,1,monotone,0.1136787424882798,1.0,0.9806814749792306,0.9805686404442092,0.9805008127991082,0.9805001781786676,20260930
lognormal,2000,6,1,monotone,0.15,0.5,0.9602833627663176,0.960195227393688,0.960163256004103,0.9602678051740668,20260930
lognormal,2000,6,1,monotone,0.1607660193804439,0.5,0.9491888117969008,0.9491080469304336,0.9490866807815336,0.9492221446364352,20260930
lognormal,2000,6,2,original,0.1136787424882798,0.0,0.7264217267235598,0.7272818177583775,0.7283073798308448,0.730854917088728,20260930
lognormal,2000,6,2,original,0.15,0.0,0.7483654671131281,0.7492732243582496,0.7503447759326229,0.7529792620691252,20260930
lognormal,2000,6,2,original,0.1607660193804439,0.0,0.7531358346122063,0.7540536067280295,0.7551333424868519,0.7577787049334943,20260930
lognormal,2000,6,2,monotone,0.1136787424882798,0.25,0.7264217267235598,0.7261764800006725,0.7263296080997067,0.7278309887635391,20260930
lognormal,2000,6,2,monotone,0.15,0.25,0.7483654671131281,0.7482936494551337,0.7486029796455803,0.7503650835717968,20260930
lognormal,2000,6,2,monotone,0.1607660193804439,0.25,0.7531358346122063,0.7531152519435872,0.7534651476178198,0.7552763739948406,20260930
lognormal,2000,6,3,original,0.1136787424882798,0.25,0.5081960668876141,0.5080753308062129,0.5081669020841102,0.5089869667178,20260930
lognormal,2000,6,3,original,0.15,0.25,0.5274696435741174,0.527318787866424,0.5273548263956237,0.5279875861647011,20260930
lognormal,2000,6,3,original,0.1607660193804439,0.25,0.5347363568432192,0.5345728479772736,0.5345859442450874,0.5351419521819936,20260930
lognormal,2000,6,3,monotone,0.1136787424882798,0.0,0.5081960668876141,0.5083414877017038,0.5085238637377559,0.5089994814757474,20260930
lognormal,2000,6,3,monotone,0.15,0.0,0.5274696435741174,0.5276881649152809,0.52794591993815,0.528579131029005,20260930
lognormal,2000,6,3,monotone,0.1607660193804439,0.0,0.5347363568432192,0.5349725379316893,0.5352475502874436,0.5359140688008044,20260930
lognormal,2000,7,1,original,0.1136787424882798,0.0,1.0523669211862972,1.052421832159795,1.0528026088399531,1.0545417593202522,20260930
lognormal,2000,7,1,original,0.15,0.25,0.9756913965436668,0.9756469607134912,0.9759305672161388,0.9774819072199038,20260930
lognormal,2000,7,1,original,0.1607660193804439,0.25,0.9545509703307252,0.9544782024633396,0.9547329405879512,0.9562249348131656,20260930
lognormal,2000,7,1,monotone,0.1136787424882798,0.0,1.0523669211862972,1.052444317020692,1.0525532339736303,1.0528656312351383,20260930
lognormal,2000,7,1,monotone,0.15,0.0,0.9756913965436668,0.975735946334452,0.9758092154327712,0.976041911552013,20260930
lognormal,2000,7,1,monotone,0.1607660193804439,0.0,0.9545509703307252,0.9545869071720836,0.954651055661254,0.9548639875830298,20260930
lognormal,2000,7,2,original,0.1136787424882798,0.0,0.8582554923923693,0.859959337882957,0.8628554841928124,0.8722246792703259,20260930
lognormal,2000,7,2,original,0.15,0.0,0.865064125330837,0.8668557664401698,0.8698998005418441,0.8797450477222177,20260930
lognormal,2000,7,2,original,0.1607660193804439,0.0,0.8692586304729315,0.8710690550260136,0.8741353253529414,0.8840354033283334,20260930
lognormal,2000,7,2,monotone,0.1136787424882798,0.0,0.8582554923923693,0.8584728201657357,0.8587690874317502,0.8595984404417228,20260930
lognormal,2000,7,2,monotone,0.15,0.0,0.865064125330837,0.8653933467572493,0.8658010770676117,0.8668520643401874,20260930
lognormal,2000,7,2,monotone,0.1607660193804439,0.0,0.8692586304729315,0.869607671896419,0.8700349882969163,0.8711244460289401,20260930
lognormal,2000,7,3,original,0.1136787424882798,0.0,0.6415523777342708,0.6427066749320198,0.6444596033012613,0.6497613535542224,20260930
lognormal,2000,7,3,original,0.15,0.0,0.6969063266821112,0.6982026188840912,0.7001749642579916,0.7061478145215543,20260930
lognormal,2000,7,3,original,0.1607660193804439,0.0,0.7127969825151984,0.7141270641787733,0.7161504384390451,0.7222770647496815,20260930
lognormal,2000,7,3,monotone,0.1136787424882798,0.0,0.6415523777342708,0.6416257736101462,0.6417057312862229,0.6418853320389811,20260930
lognormal,2000,7,3,monotone,0.15,0.0,0.6969063266821112,0.6969773337389225,0.6970553375085354,0.6972323351861675,20260930
lognormal,2000,7,3,monotone,0.1607660193804439,0.0,0.7127969825151984,0.712870502431022,0.7129512844784966,0.7131346349683995,20260930
lognormal,2000,8,1,original,0.1136787424882798,0.5,0.6823811439542481,0.6821192015851191,0.6820814537711912,0.6826785418089399,20260930
lognormal,2000,8,1,original,0.15,0.25,0.7096904306055423,0.7096192158450912,0.7097514828082765,0.7106264619055563,20260930
lognormal,2000,8,1,original,0.1607660193804439,0.25,0.7194068510941709,0.7193922150850997,0.719573994749248,0.7205268010972037,20260930
lognormal,2000,8,1,monotone,0.1136787424882798,1.0,0.6823811439542481,0.6821760660819328,0.6820129880408484,0.6818128314523731,20260930
lognormal,2000,8,1,monotone,0.15,1.0,0.7096904306055423,0.7095682823837102,0.7094722412829766,0.7093584804448045,20260930
lognormal,2000,8,1,monotone,0.1607660193804439,1.0,0.7194068510941709,0.7193073449513739,0.7192301294374156,0.7191425702960148,20260930
lognormal,2000,8,2,original,0.1136787424882798,0.0,2.1406679914829354,2.142668551504517,2.144974488391388,2.1505024927609986,20260930
lognormal,2000,8,2,original,0.15,0.0,1.7158806161523052,1.718011065870891,1.720485790080351,1.7264680619718926,20260930
lognormal,2000,8,2,original,0.1607660193804439,0.0,1.6263998258021577,1.6285303099170911,1.6310124671029878,1.6370318006876694,20260930
lognormal,2000,8,2,monotone,0.1136787424882798,1.0,2.1406679914829354,2.13849748185363,2.1364716842484075,2.1328542251102176,20260930
lognormal,2000,8,2,monotone,0.15,1.0,1.7158806161523052,1.7146195634322692,1.71346089256411,1.7114506963834215,20260930
lognormal,2000,8,2,monotone,0.1607660193804439,1.0,1.6263998258021577,1.625367956930647,1.624427466337329,1.6228206199852673,20260930
lognormal,2000,8,3,original,0.1136787424882798,0.0,1.2604291294912369,1.2608033673938082,1.2612828664831377,1.2625576482220748,20260930
lognormal,2000,8,3,original,0.15,0.0,1.1598605116956475,1.1601806041042242,1.16060871815963,1.161789011210931,20260930
lognormal,2000,8,3,original,0.1607660193804439,0.0,1.127257892692749,1.127552214494934,1.1279538644283529,1.1290791486888925,20260930
lognormal,2000,8,3,monotone,0.1136787424882798,1.0,1.2604291294912369,1.2600360790218126,1.2596866623298362,1.2591187302782272,20260930
lognormal,2000,8,3,monotone,0.15,1.0,1.1598605116956475,1.15957785983497,1.1593314823035077,1.1589475502282294,20260930
lognormal,2000,8,3,monotone,0.1607660193804439,1.0,1.127257892692749,1.1270125017464283,1.1268014876321235,1.126482589899561,20260930
lognormal,2000,9,1,original,0.1136787424882798,0.0,0.3380369192688485,0.3391145275905596,0.3404398701573747,0.3438337580263167,20260930
lognormal,2000,9,1,original,0.15,0.0,0.3776292505793412,0.3791233753731894,0.3809095404776876,0.3853579916186343,20260930
lognormal,2000,9,1,original,0.1607660193804439,0.0,0.3904448405322474,0.3920715765592527,0.3940080469963111,0.3988101911005872,20260930
lognormal,2000,9,1,monotone,0.1136787424882798,0.0,0.3380369192688485,0.3382192834059806,0.3384068518916612,0.3387976019086682,20260930
lognormal,2000,9,1,monotone,0.15,0.0,0.3776292505793412,0.3778482477090997,0.3780723048085828,0.3785355989167221,20260930
lognormal,2000,9,1,monotone,0.1607660193804439,0.0,0.3904448405322474,0.3906793986757492,0.3909193323485547,0.3914153262820768,20260930
lognormal,2000,9,2,original,0.1136787424882798,0.25,0.6294934623855561,0.6292848363129334,0.6295680479188337,0.6316099841662027,20260930
lognormal,2000,9,2,original,0.15,0.25,0.6652157995248981,0.6648537065998029,0.6650196791700436,0.6669358207965326,20260930
lognormal,2000,9,2,original,0.1607660193804439,0.25,0.6768858326878763,0.6764699654827195,0.6765886960316293,0.6784299503916481,20260930
lognormal,2000,9,2,monotone,0.1136787424882798,0.25,0.6294934623855561,0.6294443828399707,0.6295194908595059,0.6300422695939384,20260930
lognormal,2000,9,2,monotone,0.15,0.0,0.6652157995248981,0.6652481093274466,0.6653968996834018,0.6660439220555318,20260930
lognormal,2000,9,2,monotone,0.1607660193804439,0.0,0.6768858326878763,0.6769260912722735,0.6770810275681487,0.6777349332943321,20260930
lognormal,2000,9,3,original,0.1136787424882798,0.0,0.713594205858454,0.7137570800116966,0.7144988556743626,0.7177191115279637,20260930
lognormal,2000,9,3,original,0.15,0.25,0.7415779025880684,0.7415641577502168,0.7421559439330537,0.7451561093607936,20260930
lognormal,2000,9,3,original,0.1607660193804439,0.25,0.7480048499817071,0.7479332980871485,0.7484658133843611,0.7513430455541001,20260930
lognormal,2000,9,3,monotone,0.1136787424882798,1.0,0.713594205858454,0.713494959102806,0.7134027294378874,0.7132393213802398,20260930
lognormal,2000,9,3,monotone,0.15,1.0,0.7415779025880684,0.7414733558459536,0.7413752328679063,0.7411982582040143,20260930
lognormal,2000,9,3,monotone,0.1607660193804439,1.0,0.7480048499817071,0.7478972401700357,0.7477959440840185,0.7476122930889465,20260930
lognormal,2000,10,1,original,0.1136787424882798,0.0,0.7690188135151362,0.7693891278932179,0.7699419609654007,0.7715951831920691,20260930
lognormal,2000,10,1,original,0.15,0.0,0.736251875345975,0.7367379161693159,0.7373932749807817,0.7392119465680873,20260930
lognormal,2000,10,1,original,0.1607660193804439,0.0,0.7289950858799507,0.7295083623715476,0.7301846850624306,0.7320264690420548,20260930
lognormal,2000,10,1,monotone,0.1136787424882798,1.0,0.7690188135151362,0.7687719404907555,0.7685491879755392,0.7681760444725996,20260930
lognormal,2000,10,1,monotone,0.15,1.0,0.736251875345975,0.7360770206598705,0.7359148523687087,0.7356285749712138,20260930
lognormal,2000,10,1,monotone,0.1607660193804439,1.0,0.7289950858799507,0.7288281639106164,0.7286722457319268,0.7283934207464823,20260930
lognormal,2000,10,2,original,0.1136787424882798,0.0,0.8191166243697702,0.8197283266369807,0.8206368862305726,0.8233445773969009,20260930
lognormal,2000,10,2,original,0.15,0.0,0.7555780020614828,0.7562419293631311,0.7571872632897276,0.7599221510177657,20260930
lognormal,2000,10,2,original,0.1607660193804439,0.0,0.7476578279966262,0.7483459585731969,0.7493067251486717,0.7520461662963336,20260930
lognormal,2000,10,2,monotone,0.1136787424882798,0.5,0.8191166243697702,0.8190597258695212,0.8190421904724604,0.8191252089879026,20260930
lognormal,2000,10,2,monotone,0.15,0.0,0.7555780020614828,0.7556570818481934,0.7557576835459925,0.7560234526748579,20260930
lognormal,2000,10,2,monotone,0.1607660193804439,0.0,0.7476578279966262,0.7477539585970139,0.7478691144631546,0.7481565019926952,20260930
lognormal,2000,10,3,original,0.1136787424882798,0.0,0.8808046321051138,0.8813928879632391,0.8822081241480436,0.8845195374976903,20260930
lognormal,2000,10,3,original,0.15,0.0,0.9057725160659345,0.906243402715392,0.9069184031383312,0.9088807453046556,20260930
lognormal,2000,10,3,original,0.1607660193804439,0.0,0.910765432844974,0.9111880319656034,0.9118049515848118,0.9136217523189634,20260930
lognormal,2000,10,3,monotone,0.1136787424882798,1.0,0.8808046321051138,0.8807423093453155,0.8806836503847714,0.8805773238614455,20260930
lognormal,2000,10,3,monotone,0.15,1.0,0.9057725160659345,0.9057149962428148,0.9056610284940092,0.9055637492193408,20260930
lognormal,2000,10,3,monotone,0.1607660193804439,1.0,0.910765432844974,0.9107088399511974,0.910655925144837,0.9105611297943642,20260930
