distribution,auctions,repetition,method,procedure,bandwidth,wgan_weight,estimate,standard_error,target,exact_reserve,error_target,error_exact,covers_target,covers_exact,interval_length,revenue_regret,missing_root,multiple_roots,score_residual,jacobian,optimizer_success,evaluation_base_seed
lognormal,500,1,Original fixed,Fixed bandwidth,0.15,0.1304349796924862,0.8621220521194305,0.0317348078411242,0.8318293782081901,0.7718567076821136,0.0302926739112403,0.0902653444373169,True,False,0.124400446737207,0.0005647025551689,False,False,-3.0877933099304755e-11,-1.3767912761043453,,20260930
lognormal,500,1,Original fixed,Exact reserve,0.15,0.1304349796924862,0.8594582756826333,0.0477525907294904,0.7718567076821136,0.7718567076821136,0.0876015680005197,0.0876015680005197,True,True,0.1871901556596024,0.0005235124952152,False,False,,,,20260930
lognormal,500,1,Monotone fixed,Fixed bandwidth,0.15,0.1304349796924862,0.858683852153093,0.0308560875311804,0.8318293782081901,0.7718567076821136,0.0268544739449028,0.0868271444709793,True,False,0.1209558631222271,0.0005119263366082,False,False,-1.0835776720341528e-16,-1.3591218129757896,,20260930
lognormal,500,1,Monotone fixed,Exact reserve,0.15,0.1304349796924862,0.85363324742286,0.0464190566849316,0.7718567076821136,0.7718567076821136,0.0817765397407463,0.0817765397407463,True,True,0.1819627022049321,0.0004405345789235,False,False,,,,20260930
lognormal,500,1,Original adaptive,Fixed bandwidth,0.15,0.8333333333333334,0.8717961858870295,0.0324969197126977,0.8318293782081901,0.7718567076821136,0.0399668076788393,0.0999394782049158,True,False,0.1273879252737751,0.000732590905198,False,False,-1.714032649147157e-11,-1.5219349968167803,,20260930
lognormal,500,1,Original adaptive,Exact reserve,0.15,0.8333333333333334,0.8790842074118785,0.0499418824232555,0.7718567076821136,0.7718567076821136,0.1072274997297649,0.1072274997297649,False,False,0.1957721790991619,0.0008793719139192,False,False,,,,20260930
lognormal,500,1,Monotone adaptive,Fixed bandwidth,0.15,0.3333333333333333,0.8583096476060532,0.0320389206980324,0.8318293782081901,0.7718567076821136,0.026480269397863,0.0864529399239396,True,False,0.1255925691362873,0.0005063902053781,False,False,0.0,-1.3548164961165734,,20260930
lognormal,500,1,Monotone adaptive,Exact reserve,0.15,0.3333333333333333,0.8519463960004132,0.0485100573028876,0.7718567076821136,0.7718567076821136,0.0800896883182996,0.0800896883182996,True,True,0.1901594246273195,0.0004182556869642,False,False,,,,20260930
lognormal,500,1,Empirical DML,Fixed bandwidth,0.15,0.0,0.859164884873132,0.0320581306281413,0.8318293782081901,0.7718567076821136,0.0273355066649418,0.0873081771910184,True,False,0.125667872062314,0.0005191024020214,False,False,2.3447910280083307e-16,-1.3567075216460187,,20260930
lognormal,500,1,Empirical DML,Exact reserve,0.15,0.0,0.854114525133369,0.0485088906817993,0.7718567076821136,0.7718567076821136,0.0822578174512554,0.0822578174512554,True,True,0.1901548514726533,0.0004470322300791,False,False,,,,20260930
lognormal,500,1,Smooth plug-in,Fixed bandwidth,0.15,0.0,0.8560853906264315,0.0283926455604395,0.8318293782081901,0.7718567076821136,0.0242560124182413,0.0842286829443179,True,False,0.111299170596923,0.0004743054592786,False,False,-8.286704655802168e-12,-1.355381115207277,,20260930
lognormal,500,1,Smooth plug-in,Exact reserve,0.15,0.0,0.8505954930606012,0.042128924464476,0.7718567076821136,0.7718567076821136,0.0787387853784876,0.0787387853784876,True,True,0.1651453839007459,0.0004009620162297,False,False,,,,20260930
lognormal,500,1,Lognormal MLE,Exact reserve,0.0,,0.7711966766430335,0.0122679424344523,0.7718567076821136,0.7718567076821136,-0.00066003103908,-0.00066003103908,True,True,0.0480903343430532,1.66198901307979e-08,False,False,7.537249269162771e-09,,True,20260930
lognormal,500,2,Original fixed,Fixed bandwidth,0.15,0.1304349796924862,0.8716220219204275,0.0344901632981884,0.8318293782081901,0.7718567076821136,0.0397926437122373,0.0997653142383139,True,False,0.1352014401288988,0.0007293041255562,False,False,-1.0658141036401505e-17,-1.4183178127228755,,20260930
lognormal,500,2,Original fixed,Exact reserve,0.15,0.1304349796924862,0.8559386771077085,0.0516076583588288,0.7718567076821136,0.7718567076821136,0.0840819694255949,0.0840819694255949,True,True,0.2023020207666092,0.0004722379076242,False,False,,,,20260930
lognormal,500,2,Monotone fixed,Fixed bandwidth,0.15,0.1304349796924862,0.8709974008797944,0.0335245698493482,0.8318293782081901,0.7718567076821136,0.0391680226716042,0.0991406931976808,True,False,0.1314163138094452,0.0007175969366064,False,False,2.3092638912203258e-17,-1.4175309256979494,,20260930
lognormal,500,2,Monotone fixed,Exact reserve,0.15,0.1304349796924862,0.854705064160016,0.0498204732123516,0.7718567076821136,0.7718567076821136,0.0828483564779024,0.0828483564779024,True,True,0.1952962549924183,0.0004550917287662,False,False,,,,20260930
lognormal,500,2,Original adaptive,Fixed bandwidth,0.15,0.3333333333333333,0.8717597081473692,0.0332389049570179,0.8318293782081901,0.7718567076821136,0.0399303299391791,0.0999030004652556,True,False,0.1302965074315104,0.0007319020046292,False,False,-2.131628207280301e-17,-1.4803229515649716,,20260930
lognormal,500,2,Original adaptive,Exact reserve,0.15,0.3333333333333333,0.8579316032636761,0.0502568523158248,0.7718567076821136,0.7718567076821136,0.0860748955815625,0.0860748955815625,True,True,0.1970068610780333,0.0005008380012923,False,False,,,,20260930
lognormal,500,2,Monotone adaptive,Fixed bandwidth,0.15,0.3333333333333333,0.8696302696100345,0.0311781432208419,0.8318293782081901,0.7718567076821136,0.0378008914018443,0.0977735619279209,True,False,0.1222183214257002,0.0006924186902805,False,False,1.3071961291188929e-12,-1.4131737380859375,,20260930
lognormal,500,2,Monotone adaptive,Exact reserve,0.15,0.3333333333333333,0.8527946373324278,0.0459031086657433,0.7718567076821136,0.7718567076821136,0.0809379296503142,0.0809379296503142,True,True,0.1799401859697137,0.0004293629316591,False,False,,,,20260930
lognormal,500,2,Empirical DML,Fixed bandwidth,0.15,0.0,0.8715277495078888,0.0341561225675863,0.8318293782081901,0.7718567076821136,0.0396983712996986,0.0996710418257752,True,False,0.1338920004649384,0.0007275288510959,False,False,-1.3855583347321954e-16,-1.4199629450908269,,20260930
lognormal,500,2,Empirical DML,Exact reserve,0.15,0.0,0.855602306385996,0.0508648330762567,0.7718567076821136,0.7718567076821136,0.0837455987038824,0.0837455987038824,True,True,0.1993901456589265,0.0004675209868016,False,False,,,,20260930
lognormal,500,2,Smooth plug-in,Fixed bandwidth,0.15,0.0,0.869826154973376,0.033170464987169,0.8318293782081901,0.7718567076821136,0.0379967767651858,0.0979694472912624,True,False,0.1300282227497027,0.0006959893405669,False,False,2.978728375069295e-13,-1.3979675138703351,,20260930
lognormal,500,2,Smooth plug-in,Exact reserve,0.15,0.0,0.8526251286662575,0.0492420164405568,0.7718567076821136,0.7718567076821136,0.0807684209841439,0.0807684209841439,True,True,0.1930287044469827,0.000427128305612,False,False,,,,20260930
lognormal,500,2,Lognormal MLE,Exact reserve,0.0,,0.7965215926269159,0.0125882485249789,0.7718567076821136,0.7718567076821136,0.0246648849448023,0.0246648849448023,True,True,0.0493459342179175,2.775356142548091e-05,False,False,7.633641692095239e-07,,True,20260930
lognormal,500,3,Original fixed,Fixed bandwidth,0.15,0.1304349796924862,0.8456704874534128,0.0325324550375748,0.8318293782081901,0.7718567076821136,0.0138411092452226,0.0738137797712992,True,False,0.1275272237472933,0.0003419147383258,False,False,6.039613253960852e-17,-1.9148191416174671,,20260930
lognormal,500,3,Original fixed,Exact reserve,0.15,0.1304349796924862,0.8378744773434537,0.0479165967731747,0.7718567076821136,0.7718567076821136,0.0660177696613401,0.0660177696613401,True,True,0.1878330593508448,0.0002605900713499,False,False,,,,20260930
lognormal,500,3,Monotone fixed,Fixed bandwidth,0.15,0.1304349796924862,0.8430384387629621,0.0296172870401459,0.8318293782081901,0.7718567076821136,0.0112090605547719,0.0711817310808485,True,False,0.1160997651973721,0.00031284444824,False,False,-6.10303274584112e-12,-1.868949185717099,,20260930
lognormal,500,3,Monotone fixed,Exact reserve,0.15,0.1304349796924862,0.8330953566546074,0.0428761172145835,0.7718567076821136,0.7718567076821136,0.0612386489724938,0.0612386489724938,True,True,0.1680743794811675,0.0002175858635484,False,False,,,,20260930
lognormal,500,3,Original adaptive,Fixed bandwidth,0.15,0.5,0.8366578476926099,0.0334594101566051,0.8318293782081901,0.7718567076821136,0.0048284694844197,0.0648011400104963,True,True,0.1311608878138923,0.0002491670761195,False,False,0.0,-1.833432720314718,,20260930
lognormal,500,3,Original adaptive,Exact reserve,0.15,0.5,0.8217078379146583,0.049850971151628,0.7718567076821136,0.7718567076821136,0.0498511302325447,0.0498511302325447,True,True,0.1954158069143819,0.0001340501696494,False,False,,,,20260930
lognormal,500,3,Monotone adaptive,Fixed bandwidth,0.15,0.3333333333333333,0.8456075936888361,0.0318765486925354,0.8318293782081901,0.7718567076821136,0.0137782154806459,0.0737508860067225,True,False,0.1249560708747389,0.0003412003791865,False,False,-1.2079226507921704e-16,-1.8621450690096173,,20260930
lognormal,500,3,Monotone adaptive,Exact reserve,0.15,0.3333333333333333,0.8372355358127986,0.0469963749423749,0.7718567076821136,0.7718567076821136,0.065378828130685,0.065378828130685,True,True,0.1842257897741099,0.0002545500735124,False,False,,,,20260930
lognormal,500,3,Empirical DML,Fixed bandwidth,0.15,0.0,0.8458060201486722,0.0313597803212291,0.8318293782081901,0.7718567076821136,0.013976641940482,0.0739493124665586,True,False,0.122930338859218,0.0003434574778555,False,False,-5.3290705182007506e-17,-1.906891513262856,,20260930
lognormal,500,3,Empirical DML,Exact reserve,0.15,0.0,0.8380318040252124,0.0459555691752648,0.7718567076821136,0.7718567076821136,0.0661750963430988,0.0661750963430988,True,True,0.1801458311670384,0.0002620917889599,False,False,,,,20260930
lognormal,500,3,Smooth plug-in,Fixed bandwidth,0.15,0.0,0.8341729356790419,0.0262502164054223,0.8318293782081901,0.7718567076821136,0.0023435574708517,0.0623162279969283,True,False,0.1029008483092557,0.0002268494638777,False,False,1.596933696390579e-11,-1.780690265457685,,20260930
lognormal,500,3,Smooth plug-in,Exact reserve,0.15,0.0,0.8175635937040923,0.0368623701044238,0.7718567076821136,0.7718567076821136,0.0457068860219787,0.0457068860219787,True,True,0.1445004908093416,0.0001096896840777,False,False,,,,20260930
lognormal,500,3,Lognormal MLE,Exact reserve,0.0,,0.7825202383497891,0.0125095884622465,0.7718567076821136,0.7718567076821136,0.0106635306676755,0.0106635306676755,True,True,0.0490375867720064,4.708817391563258e-06,False,False,1.146700517873356e-07,,True,20260930
lognormal,500,4,Original fixed,Fixed bandwidth,0.15,0.1304349796924862,0.8713123904438095,0.0359187525377777,0.8318293782081901,0.7718567076821136,0.0394830122356193,0.0994556827616959,True,False,0.1408015099480889,0.0007234842908945,False,False,-6.217248937900877e-17,-1.554396993859246,,20260930
lognormal,500,4,Original fixed,Exact reserve,0.15,0.1304349796924862,0.8661606739313558,0.0529864165538531,0.7718567076821136,0.7718567076821136,0.0943039662492422,0.0943039662492422,True,True,0.2077067528911043,0.0006312174123472,False,False,,,,20260930
lognormal,500,4,Monotone fixed,Fixed bandwidth,0.15,0.1304349796924862,0.8694208127495092,0.0352798530423805,0.8318293782081901,0.7718567076821136,0.037591434541319,0.0975641050673956,True,False,0.1382970239261316,0.0006886151401879,False,False,1.8537116730499288e-11,-1.5220476226755864,,20260930
lognormal,500,4,Monotone fixed,Exact reserve,0.15,0.1304349796924862,0.8626659719125825,0.0517201579899499,0.7718567076821136,0.7718567076821136,0.0908092642304689,0.0908092642304689,True,True,0.2027430193206038,0.0005733715498303,False,False,,,,20260930
lognormal,500,4,Original adaptive,Fixed bandwidth,0.15,0.0,0.8727534170517596,0.0359696138859945,0.8318293782081901,0.7718567076821136,0.0409240388435694,0.100896709369646,True,False,0.1410008864330986,0.0007508380021223,False,False,-2.8776980798284063e-16,-1.566211329122531,,20260930
lognormal,500,4,Original adaptive,Exact reserve,0.15,0.0,0.868645880311965,0.0527060187788747,0.7718567076821136,0.7718567076821136,0.0967891726298514,0.0967891726298514,True,True,0.2066075936131889,0.0006746651051481,False,False,,,,20260930
lognormal,500,4,Monotone adaptive,Fixed bandwidth,0.15,0.6666666666666666,0.8692306828893437,0.0368281342023394,0.8318293782081901,0.7718567076821136,0.0374013046811535,0.0973739752072301,True,False,0.1443662860731707,0.0006851747551843,False,False,2.6888875126473974e-11,-1.4938948885132406,,20260930
lognormal,500,4,Monotone adaptive,Exact reserve,0.15,0.6666666666666666,0.8614285501507508,0.0547001238892192,0.7718567076821136,0.7718567076821136,0.0895718424686372,0.0895718424686372,True,True,0.2144244856457395,0.0005537770159904,False,False,,,,20260930
lognormal,500,4,Empirical DML,Fixed bandwidth,0.15,0.0,0.8727534170517596,0.0359696138859945,0.8318293782081901,0.7718567076821136,0.0409240388435694,0.100896709369646,True,False,0.1410008864330986,0.0007508380021223,False,False,-2.8776980798284063e-16,-1.566211329122531,,20260930
lognormal,500,4,Empirical DML,Exact reserve,0.15,0.0,0.868645880311965,0.0527060187788747,0.7718567076821136,0.7718567076821136,0.0967891726298514,0.0967891726298514,True,True,0.2066075936131889,0.0006746651051481,False,False,,,,20260930
lognormal,500,4,Smooth plug-in,Fixed bandwidth,0.15,0.0,0.8526764405535857,0.0319569657329788,0.8318293782081901,0.7718567076821136,0.0208470623453955,0.0808197328714721,True,False,0.1252713056732771,0.0004278036621139,False,False,1.850031239314376e-11,-1.3078679855094144,,20260930
lognormal,500,4,Smooth plug-in,Exact reserve,0.15,0.0,0.8317006961244082,0.0466777282921923,0.7718567076821136,0.7718567076821136,0.0598439884422946,0.0598439884422946,True,True,0.182976694905394,0.0002059607210962,False,False,,,,20260930
lognormal,500,4,Lognormal MLE,Exact reserve,0.0,,0.7784045568015082,0.0127169179409379,0.7718567076821136,0.7718567076821136,0.0065478491193946,0.0065478491193946,True,True,0.0498503183284769,1.7248243129319718e-06,False,False,4.063477954119321e-08,,True,20260930
lognormal,500,5,Original fixed,Fixed bandwidth,0.15,0.1304349796924862,0.824227181942983,0.0350193256084693,0.8318293782081901,0.7718567076821136,-0.0076021962652071,0.0523704742608693,True,True,0.1372757563851996,0.0001503702390528,False,False,-8.171241461241152e-16,-1.1444630109649625,,20260930
lognormal,500,5,Original fixed,Exact reserve,0.15,0.1304349796924862,0.7760344051718882,0.0544119959524772,0.7718567076821136,0.7718567076821136,0.0041776974897745,0.0041776974897745,True,True,0.2132950241337109,6.903490681331448e-07,False,False,,,,20260930
lognormal,500,5,Monotone fixed,Fixed bandwidth,0.15,0.1304349796924862,0.8187957345237804,0.0332755900616414,0.8318293782081901,0.7718567076821136,-0.0130336436844097,0.0469390268416668,True,True,0.1304403130416342,0.0001166177461591,False,False,-2.6858515411731787e-15,-1.1463799577053635,,20260930
lognormal,500,5,Monotone fixed,Exact reserve,0.15,0.1304349796924862,0.7666767209724825,0.0513343785026716,0.7718567076821136,0.7718567076821136,-0.005179986709631,-0.005179986709631,True,True,0.2012307637304728,9.928214856902429e-07,False,False,,,,20260930
lognormal,500,5,Original adaptive,Fixed bandwidth,0.15,0.8333333333333334,0.9198892673517862,0.0582863268585753,0.8318293782081901,0.7718567076821136,0.088059889143596,0.1480325596696726,True,False,0.2284824012856155,0.0020906106792255,False,False,2.5484325760771753e-13,-1.372971704401138,,20260930
lognormal,500,5,Original adaptive,Exact reserve,0.15,0.8333333333333334,0.9458718929661376,0.0930097917772773,0.7718567076821136,0.7718567076821136,0.1740151852840239,0.1740151852840239,True,True,0.3645983837669272,0.0032878088953254,False,False,,,,20260930
lognormal,500,5,Monotone adaptive,Fixed bandwidth,0.15,0.6666666666666666,0.8099130601586905,0.0366711569184258,0.8318293782081901,0.7718567076821136,-0.0219163180494996,0.0380563524765769,True,True,0.1437509351202294,7.23043337906848e-05,False,False,5.0033079901368184e-12,-1.1694693984185631,,20260930
lognormal,500,5,Monotone adaptive,Exact reserve,0.15,0.6666666666666666,0.7489378417106033,0.0595799025134153,0.7718567076821136,0.7718567076821136,-0.0229188659715102,-0.0229188659715102,True,True,0.2335532178525883,1.707055451860562e-05,False,False,,,,20260930
lognormal,500,5,Empirical DML,Fixed bandwidth,0.15,0.0,0.8219546182868651,0.0332759384400688,0.8318293782081901,0.7718567076821136,-0.009874759921325,0.0500979106047515,True,True,0.1304416786850697,0.0001355972419554,False,False,3.460343123151688e-15,-1.1543853966047737,,20260930
lognormal,500,5,Empirical DML,Exact reserve,0.15,0.0,0.7724383997141144,0.0510284759874475,0.7718567076821136,0.7718567076821136,0.0005816920320008,0.0005816920320008,True,True,0.2000316258707943,1.2994863851645276e-08,False,False,,,,20260930
lognormal,500,5,Smooth plug-in,Fixed bandwidth,0.15,0.0,0.8134452603733683,0.031383064143345,0.8318293782081901,0.7718567076821136,-0.0183841178348218,0.0415885526912547,True,True,0.1230216114419126,8.83908409914369e-05,False,False,-6.217248937900877e-15,-1.0752038229316918,,20260930
lognormal,500,5,Smooth plug-in,Exact reserve,0.15,0.0,0.7537216343184484,0.048918150689767,0.7718567076821136,0.7718567076821136,-0.0181350733636651,-0.0181350733636651,True,True,0.1917591507038868,1.1072876903606144e-05,False,False,,,,20260930
lognormal,500,5,Lognormal MLE,Exact reserve,0.0,,0.7799803236799173,0.0129865107432678,0.7718567076821136,0.7718567076821136,0.0081236159978037,0.0081236159978037,True,True,0.0509071221136101,2.6845108718198674e-06,False,False,2.164288008636717e-07,,True,20260930
lognormal,500,6,Original fixed,Fixed bandwidth,0.15,0.1304349796924862,0.908276441811136,0.0423851783950222,0.8318293782081901,0.7718567076821136,0.0764470636029458,0.1364197341290224,True,False,0.1661498993084872,0.0016709919851289,False,False,-5.279950698877656e-12,-1.3472621349080427,,20260930
lognormal,500,6,Original fixed,Exact reserve,0.15,0.1304349796924862,0.9085382079682232,0.0626855165094884,0.7718567076821136,0.7718567076821136,0.1366815002861096,0.1366815002861096,False,False,0.2457272247171945,0.0016797387528448,False,False,,,,20260930
lognormal,500,6,Monotone fixed,Fixed bandwidth,0.15,0.1304349796924862,0.9059423829502372,0.0408292726802382,0.8318293782081901,0.7718567076821136,0.074113004742047,0.1340856752681236,True,False,0.1600507489065337,0.001594401125631,False,False,6.394884621840901e-17,-1.319890446009282,,20260930
lognormal,500,6,Monotone fixed,Exact reserve,0.15,0.1304349796924862,0.904361594087174,0.0604471597305066,0.7718567076821136,0.7718567076821136,0.1325048864050604,0.1325048864050604,False,False,0.2369528661435861,0.0015439392738534,False,False,,,,20260930
lognormal,500,6,Original adaptive,Fixed bandwidth,0.15,0.5,0.9371974867605454,0.0433477400920514,0.8318293782081901,0.7718567076821136,0.1053681085523552,0.1653407790784318,False,False,0.1699231411608418,0.0028454878531161,False,False,-9.947598300641404e-17,-1.6464159271607672,,20260930
lognormal,500,6,Original adaptive,Exact reserve,0.15,0.5,0.9613724567552716,0.063657446725323,0.7718567076821136,0.7718567076821136,0.1895157490731579,0.1895157490731579,False,False,0.2495371911632664,0.0041953097783831,False,False,,,,20260930
lognormal,500,6,Monotone adaptive,Fixed bandwidth,0.15,0.8333333333333334,0.9092997217598628,0.0416765238180339,0.8318293782081901,0.7718567076821136,0.0774703435516727,0.1374430140777492,True,False,0.1633719733666931,0.0017053648486478,False,False,1.6342482922482304e-16,-1.3580426536037036,,20260930
lognormal,500,6,Monotone adaptive,Exact reserve,0.15,0.8333333333333334,0.9110289706439636,0.0612913442824955,0.7718567076821136,0.7718567076821136,0.1391722629618499,0.1391722629618499,False,False,0.2402620695873823,0.0017645664234853,False,False,,,,20260930
lognormal,500,6,Empirical DML,Fixed bandwidth,0.15,0.0,0.9060561741252656,0.0406979043114415,0.8318293782081901,0.7718567076821136,0.0742267959170753,0.1341994664431519,True,False,0.159535784900851,0.0015980773396764,False,False,-1.9895196601282808e-16,-1.3185379884895454,,20260930
lognormal,500,6,Empirical DML,Exact reserve,0.15,0.0,0.904361831279329,0.0603099454126764,0.7718567076821136,0.7718567076821136,0.1325051235972154,0.1325051235972154,False,False,0.2364149860176916,0.0015439467594975,False,False,,,,20260930
lognormal,500,6,Smooth plug-in,Fixed bandwidth,0.15,0.0,0.8961881215310614,0.0381986752524915,0.8318293782081901,0.7718567076821136,0.0643587433228712,0.1243314138489478,True,False,0.149738806989767,0.0013005879373606,False,False,-2.4849011737160258e-12,-1.2204516654523712,,20260930
lognormal,500,6,Smooth plug-in,Exact reserve,0.15,0.0,0.8881765406577597,0.0566240039275277,0.7718567076821136,0.7718567076821136,0.1163198329756461,0.1163198329756461,False,False,0.2219660953959089,0.0010891783028403,False,False,,,,20260930
lognormal,500,6,Lognormal MLE,Exact reserve,0.0,,0.7906120209381524,0.0132303685566017,0.7718567076821136,0.7718567076821136,0.0187553132560388,0.0187553132560388,True,True,0.0518630447418786,1.540991194182162e-05,False,False,3.285113625572933e-09,,True,20260930
lognormal,500,7,Original fixed,Fixed bandwidth,0.15,0.1304349796924862,0.8083405923998539,0.0335059687475669,0.8318293782081901,0.7718567076821136,-0.0234887858083362,0.0364838847177403,True,True,0.1313433974904623,6.57611846932582e-05,False,False,-2.3767654511175353e-15,-1.151461442083015,,20260930
lognormal,500,7,Original fixed,Exact reserve,0.15,0.1304349796924862,0.7566099281952692,0.0513996544240999,0.7718567076821136,0.7718567076821136,-0.0152467794868443,-0.0152467794868443,True,True,0.2014866453424716,7.994566968649863e-06,False,False,,,,20260930
lognormal,500,7,Monotone fixed,Fixed bandwidth,0.15,0.1304349796924862,0.8063858652097508,0.0325093053653077,0.8318293782081901,0.7718567076821136,-0.0254435129984393,0.0345291575276371,True,True,0.1274364770320064,5.8139589711680983e-05,False,False,7.851497230149107e-16,-1.1565276213444164,,20260930
lognormal,500,7,Monotone fixed,Exact reserve,0.15,0.1304349796924862,0.7534254724809019,0.0496302901233796,0.7718567076821136,0.7718567076821136,-0.0184312352012117,-0.0184312352012117,True,True,0.1945507372836482,1.141250993108578e-05,False,False,,,,20260930
lognormal,500,7,Original adaptive,Fixed bandwidth,0.15,0.6666666666666666,0.8311760506672837,0.0428485070281728,0.8318293782081901,0.7718567076821136,-0.0006533275409064,0.0593193429851701,True,True,0.1679661475504373,0.0002016925864536,False,False,-1.2789769243681802e-16,-1.1449377604120414,,20260930
lognormal,500,7,Original adaptive,Exact reserve,0.15,0.6666666666666666,0.7985597660474153,0.0673556368285901,0.7718567076821136,0.7718567076821136,0.0267030583653017,0.0267030583653017,True,True,0.2640340963680733,3.2984369369382094e-05,False,False,,,,20260930
lognormal,500,7,Monotone adaptive,Fixed bandwidth,0.15,0.3333333333333333,0.8045869069156367,0.0348145893542207,0.8318293782081901,0.7718567076821136,-0.0272424712925534,0.0327301992335231,True,True,0.1364731902685454,5.1613353058144185e-05,False,False,-2.591009717889392e-11,-1.126281892747265,,20260930
lognormal,500,7,Monotone adaptive,Exact reserve,0.15,0.3333333333333333,0.7490358157253066,0.0542852647202714,0.7718567076821136,0.7718567076821136,-0.0228208919568069,-0.0228208919568069,True,True,0.212798237703464,1.6937253593196644e-05,False,False,,,,20260930
lognormal,500,7,Empirical DML,Fixed bandwidth,0.15,0.0,0.8072567053181391,0.0322228775832816,0.8318293782081901,0.7718567076821136,-0.024572672890051,0.0353999976360255,True,True,0.126313680126464,6.146591024114301e-05,False,False,2.55440113505756e-15,-1.1638469112302552,,20260930
lognormal,500,7,Empirical DML,Exact reserve,0.15,0.0,0.7552487035380601,0.0489323268559809,0.7718567076821136,0.7718567076821136,-0.0166080041440535,-0.0166080041440535,True,True,0.1918147212754452,9.391484518284088e-06,False,False,,,,20260930
lognormal,500,7,Smooth plug-in,Fixed bandwidth,0.15,0.0,0.802886250981844,0.0299555508880916,0.8318293782081901,0.7718567076821136,-0.0289431272263461,0.0310295432997304,True,True,0.1174257594813193,4.5861500054256155e-05,False,False,-4.773959005888173e-15,-1.1692184597605904,,20260930
lognormal,500,7,Smooth plug-in,Exact reserve,0.15,0.0,0.7476542469707209,0.0457407272507785,0.7718567076821136,0.7718567076821136,-0.0242024607113926,-0.0242024607113926,True,True,0.1793036508230518,1.88555495559406e-05,False,False,,,,20260930
lognormal,500,7,Lognormal MLE,Exact reserve,0.0,,0.7680036112052232,0.0127373805093532,0.7718567076821136,0.7718567076821136,-0.0038530964768903,-0.0038530964768903,True,True,0.0499305315966649,5.546048551519078e-07,False,False,5.397285020025677e-07,,True,20260930
lognormal,500,8,Original fixed,Fixed bandwidth,0.15,0.1304349796924862,0.7942022990335836,0.0308241109668721,0.8318293782081901,0.7718567076821136,-0.0376270791746065,0.02234559135147,True,True,0.1208305149901388,2.242098958582517e-05,False,False,-2.451891178978371e-11,-1.4735292023668634,,20260930
lognormal,500,8,Original fixed,Exact reserve,0.15,0.1304349796924862,0.7589991596754081,0.0461189101473065,0.7718567076821136,0.7718567076821136,-0.0128575480067054,-0.0128575480067054,True,True,0.1807861277774416,5.785577152472854e-06,False,False,,,,20260930
lognormal,500,8,Monotone fixed,Fixed bandwidth,0.15,0.1304349796924862,0.7928085696229751,0.0287116247317757,0.8318293782081901,0.7718567076821136,-0.039020808585215,0.0209518619408615,True,True,0.1125495689485608,1.9523915900654387e-05,False,False,-1.0054179711005417e-15,-1.470808240059771,,20260930
lognormal,500,8,Monotone fixed,Exact reserve,0.15,0.1304349796924862,0.7564300717211967,0.0423414899863336,0.7718567076821136,0.7718567076821136,-0.0154266359609168,-0.0154266359609168,True,True,0.1659786407464279,8.173441794268044e-06,False,False,,,,20260930
lognormal,500,8,Original adaptive,Fixed bandwidth,0.15,0.0,0.7934545502012759,0.0293811390688542,0.8318293782081901,0.7718567076821136,-0.0383748280069142,0.0215978425191623,True,True,0.1151740651499085,2.083853097278876e-05,False,False,-6.09290395914286e-16,-1.4660554533955137,,20260930
lognormal,500,8,Original adaptive,Exact reserve,0.15,0.0,0.757437431093144,0.0436082866091069,0.7718567076821136,0.7718567076821136,-0.0144192765889695,-0.0144192765889695,True,True,0.1709444835076994,7.193801217830753e-06,False,False,,,,20260930
lognormal,500,8,Monotone adaptive,Fixed bandwidth,0.15,0.6666666666666666,0.7942012980612518,0.0270305677361009,0.8318293782081901,0.7718567076821136,-0.0376280801469383,0.0223445903791382,True,True,0.1059598255255158,2.241882032572029e-05,False,False,-3.5431027889387676e-11,-1.448675925004297,,20260930
lognormal,500,8,Monotone adaptive,Exact reserve,0.15,0.6666666666666666,0.759135056721624,0.0389973455834967,0.7718567076821136,0.7718567076821136,-0.0127216509604896,-0.0127216509604896,True,True,0.1528695946873074,5.6695457069100286e-06,False,False,,,,20260930
lognormal,500,8,Empirical DML,Fixed bandwidth,0.15,0.0,0.7934545502012759,0.0293811390688542,0.8318293782081901,0.7718567076821136,-0.0383748280069142,0.0215978425191623,True,True,0.1151740651499085,2.083853097278876e-05,False,False,-6.09290395914286e-16,-1.4660554533955137,,20260930
lognormal,500,8,Empirical DML,Exact reserve,0.15,0.0,0.757437431093144,0.0436082866091069,0.7718567076821136,0.7718567076821136,-0.0144192765889695,-0.0144192765889695,True,True,0.1709444835076994,7.193801217830753e-06,False,False,,,,20260930
lognormal,500,8,Smooth plug-in,Fixed bandwidth,0.15,0.0,0.7900685619475376,0.0271296042651567,0.8318293782081901,0.7718567076821136,-0.0417608162606525,0.018211854265424,True,True,0.1063480487194145,1.4475452895679196e-05,False,False,-3.402400583496501e-11,-1.5039799415800248,,20260930
lognormal,500,8,Smooth plug-in,Exact reserve,0.15,0.0,0.7526759533836738,0.0394831417338507,0.7718567076821136,0.7718567076821136,-0.0191807542984397,-0.0191807542984397,True,True,0.154773915596695,1.2291475206538394e-05,False,False,,,,20260930
lognormal,500,8,Lognormal MLE,Exact reserve,0.0,,0.7487313191047755,0.0123282103500527,0.7718567076821136,0.7718567076821136,-0.023125388577338,-0.023125388577338,True,True,0.0483265845722068,1.7352945229864858e-05,False,False,2.9392422606910884e-08,,True,20260930
lognormal,500,9,Original fixed,Fixed bandwidth,0.15,0.1304349796924862,0.9060940041092408,0.0572095620895226,0.8318293782081901,0.7718567076821136,0.0742646259010507,0.1342372964271273,True,False,0.2242614833909289,0.0015993001322704,False,False,1.7763568394002506e-16,-1.2568994121445345,,20260930
lognormal,500,9,Original fixed,Exact reserve,0.15,0.1304349796924862,0.9047425381202868,0.0845957395659924,0.7718567076821136,0.7718567076821136,0.1328858304381731,0.1328858304381731,True,True,0.3316152990986904,0.0015559964058964,False,False,,,,20260930
lognormal,500,9,Monotone fixed,Fixed bandwidth,0.15,0.1304349796924862,0.9087880299372172,0.0600233312126742,0.8318293782081901,0.7718567076821136,0.0769586517290271,0.1369313222551037,True,False,0.2352914583536829,0.0016881159021588,False,False,-8.455458555545192e-16,-1.2098790047217634,,20260930
lognormal,500,9,Monotone fixed,Exact reserve,0.15,0.1304349796924862,0.9075502914634164,0.0891836582555573,0.7718567076821136,0.7718567076821136,0.1356935837813029,0.1356935837813029,True,True,0.3495999403617847,0.0016468950521277,False,False,,,,20260930
lognormal,500,9,Original adaptive,Fixed bandwidth,0.15,0.4166666666666667,0.9072338695347326,0.0571253530068563,0.8318293782081901,0.7718567076821136,0.0754044913265424,0.135377161852619,True,False,0.223931383786877,0.0016364714279235,False,False,1.1013412404281553e-15,-1.2740313976116369,,20260930
lognormal,500,9,Original adaptive,Exact reserve,0.15,0.4166666666666667,0.9048934920507896,0.0831764253342771,0.7718567076821136,0.7718567076821136,0.1330367843686761,0.1330367843686761,True,True,0.3260515873103664,0.0015607919079319,False,False,,,,20260930
lognormal,500,9,Monotone adaptive,Fixed bandwidth,0.15,0.6666666666666666,0.8884463041571357,0.0649065110552532,0.8318293782081901,0.7718567076821136,0.0566169259489455,0.1165895964750221,True,True,0.2544335233365927,0.0010958808852097,False,False,-4.334310688136611e-16,-1.095573655284312,,20260930
lognormal,500,9,Monotone adaptive,Exact reserve,0.15,0.6666666666666666,0.872078845716383,0.0987092573167793,0.7718567076821136,0.7718567076821136,0.1002221380342694,0.1002221380342694,True,True,0.386940288681775,0.0007379477313362,False,False,,,,20260930
lognormal,500,9,Empirical DML,Fixed bandwidth,0.15,0.0,0.9131435012859496,0.0593412890146121,0.8318293782081901,0.7718567076821136,0.0813141230777594,0.141286793603836,True,False,0.2326178529372795,0.0018388907915789,False,False,-7.958078640513122e-16,-1.2202227453435552,,20260930
lognormal,500,9,Empirical DML,Exact reserve,0.15,0.0,0.9143678816033852,0.08783776691898,0.7718567076821136,0.7718567076821136,0.1425111739212717,0.1425111739212717,True,True,0.3443240463224016,0.0018829110149605,False,False,,,,20260930
lognormal,500,9,Smooth plug-in,Fixed bandwidth,0.15,0.0,0.8441875946645743,0.0370389564978722,0.8318293782081901,0.7718567076821136,0.0123582164563841,0.0723308869824607,True,True,0.145192709471659,0.0003253292478764,False,False,-2.738920201750261e-13,-1.2699139775101953,,20260930
lognormal,500,9,Smooth plug-in,Exact reserve,0.15,0.0,0.8092451979676095,0.0536061740128931,0.7718567076821136,0.7718567076821136,0.0373884902854959,0.0373884902854959,True,True,0.2101362021305412,6.947955293434838e-05,False,False,,,,20260930
lognormal,500,9,Lognormal MLE,Exact reserve,0.0,,0.776620233439427,0.0138091749943539,0.7718567076821136,0.7718567076821136,0.0047635257573134,0.0047635257573134,True,True,0.0541319659778675,9.013497663801218e-07,False,False,7.560093777669863e-07,,True,20260930
lognormal,500,10,Original fixed,Fixed bandwidth,0.15,0.1304349796924862,0.8514958036061923,0.0303014488438154,0.8318293782081901,0.7718567076821136,0.0196664253980021,0.0796390959240787,True,False,0.1187816794677563,0.0004124338416551,False,False,-2.695429301979857e-11,-1.4480625456995,,20260930
lognormal,500,10,Original fixed,Exact reserve,0.15,0.1304349796924862,0.8407716059617223,0.0426538968880231,0.7718567076821136,0.7718567076821136,0.0689148982796087,0.0689148982796087,True,True,0.1672032758010506,0.0002891421671529,False,False,,,,20260930
lognormal,500,10,Monotone fixed,Fixed bandwidth,0.15,0.1304349796924862,0.8529812335627124,0.0307410923866914,0.8318293782081901,0.7718567076821136,0.0211518553545222,0.0811245258805988,True,False,0.1205050821558306,0.0004318326988548,False,False,1.7053025658242402e-16,-1.4462223544506343,,20260930
lognormal,500,10,Monotone fixed,Exact reserve,0.15,0.1304349796924862,0.8431025295638981,0.043231281282925,0.7718567076821136,0.7718567076821136,0.0712458218817845,0.0712458218817845,True,True,0.1694666226290663,0.0003135326638286,False,False,,,,20260930
lognormal,500,10,Original adaptive,Fixed bandwidth,0.15,1.0,0.8452832063446248,0.0310569468063263,0.8318293782081901,0.7718567076821136,0.0134538281364346,0.0734264986625112,True,False,0.1217432314807991,0.0003375311267987,False,False,-2.7314909445408375e-11,-1.4649796271325055,,20260930
lognormal,500,10,Original adaptive,Exact reserve,0.15,1.0,0.8305823510028544,0.044616731787969,0.7718567076821136,0.7718567076821136,0.0587256433207408,0.0587256433207408,True,True,0.1748975886088385,0.0001969311752894,False,False,,,,20260930
lognormal,500,10,Monotone adaptive,Fixed bandwidth,0.15,0.5,0.8517858761499247,0.0308842989033539,0.8318293782081901,0.7718567076821136,0.0199564979417345,0.0799291684678111,True,False,0.1210664517011473,0.0004161757971579,False,False,-9.552762136877389e-12,-1.464200700925975,,20260930
lognormal,500,10,Monotone adaptive,Exact reserve,0.15,0.5,0.8404948335375235,0.0435239310845651,0.7718567076821136,0.7718567076821136,0.0686381258554099,0.0686381258554099,True,True,0.1706138098514954,0.0002863311530383,False,False,,,,20260930
lognormal,500,10,Empirical DML,Fixed bandwidth,0.15,0.0,0.8535002252189786,0.0308067253954314,0.8318293782081901,0.7718567076821136,0.0216708470107884,0.081643517536865,True,False,0.1207623635500914,0.0004387499725475,False,False,-8.526512829121201e-17,-1.445833832434804,,20260930
lognormal,500,10,Empirical DML,Exact reserve,0.15,0.0,0.8440082988794285,0.0433718167436412,0.7718567076821136,0.7718567076821136,0.0721515911973149,0.0721515911973149,True,True,0.1700175216350737,0.0003233599128948,False,False,,,,20260930
lognormal,500,10,Smooth plug-in,Fixed bandwidth,0.15,0.0,0.8524478201410226,0.0303346793529998,0.8318293782081901,0.7718567076821136,0.0206184419328324,0.080591112458909,True,False,0.1189119430637592,0.0004247984241552,False,False,-2.891209494038094e-11,-1.4443836381872188,,20260930
lognormal,500,10,Smooth plug-in,Exact reserve,0.15,0.0,0.841096842038011,0.0425014246744314,0.7718567076821136,0.7718567076821136,0.0692401343558974,0.0692401343558974,True,True,0.1666055847237713,0.0002924685695677,False,False,,,,20260930
lognormal,500,10,Lognormal MLE,Exact reserve,0.0,,0.7690581567845676,0.013004883134308,0.7718567076821136,0.7718567076821136,-0.0027985508975459,-0.0027985508975459,True,True,0.0509791418864874,2.947085064874955e-07,False,False,4.425129057850086e-06,,True,20260930
lognormal,2000,1,Original fixed,Fixed bandwidth,0.15,0.0361445825096095,0.7985401316043284,0.0141934068172901,0.8318293782081901,0.7718567076821136,-0.0332892466038617,0.0266834239222147,False,True,0.0556381547237775,3.293138562288078e-05,False,False,-4.3671732896655156e-15,-1.3939714676370316,,20260930
lognormal,2000,1,Original fixed,Exact reserve,0.1136787424882798,0.0361445825096095,0.7380882189234855,0.0264009213369542,0.7718567076821136,0.7718567076821136,-0.033768488758628,-0.033768488758628,True,True,0.1034916116408607,3.416849469184413e-05,False,False,,,,20260930
lognormal,2000,1,Monotone fixed,Fixed bandwidth,0.15,0.0361445825096095,0.7984599486246473,0.0141246513050258,0.8318293782081901,0.7718567076821136,-0.0333694295835428,0.0266032409425337,False,True,0.0553686331157014,3.271609296850997e-05,False,False,-4.606981462984551e-15,-1.3926648219749425,,20260930
lognormal,2000,1,Monotone fixed,Exact reserve,0.1136787424882798,0.0361445825096095,0.7373302212837737,0.0259227176431019,0.7718567076821136,0.7718567076821136,-0.0345264863983398,-0.0345264863983398,True,True,0.1016170531609597,3.5515879003300554e-05,False,False,,,,20260930
lognormal,2000,1,Original adaptive,Fixed bandwidth,0.15,0.0833333333333333,0.79858330708483,0.0140049360359479,0.8318293782081901,0.7718567076821136,-0.03324607112336,0.0267265994027164,False,True,0.0548993492609159,3.3047895100724034e-05,False,False,-4.010569654155916e-15,-1.3953107144997956,,20260930
lognormal,2000,1,Original adaptive,Exact reserve,0.1136787424882798,0.0833333333333333,0.7385877213287909,0.0256988990221407,0.7718567076821136,0.7718567076821136,-0.0332689863533226,-0.0332689863533226,True,True,0.1007396841667916,3.329028008192125e-05,False,False,,,,20260930
lognormal,2000,1,Monotone adaptive,Fixed bandwidth,0.15,0.75,0.7985850195597476,0.0145390451388955,0.8318293782081901,0.7718567076821136,-0.0332443586484425,0.026728311877634,False,True,0.0569930569444704,3.305251623197947e-05,False,False,-5.045297513106562e-15,-1.4142948018965162,,20260930
lognormal,2000,1,Monotone adaptive,Exact reserve,0.1136787424882798,0.6666666666666666,0.738624443843561,0.0233628609162944,0.7718567076821136,0.7718567076821136,-0.0332322638385526,-0.0332322638385526,True,True,0.091582414791874,3.3226004551467625e-05,False,False,,,,20260930
lognormal,2000,1,Empirical DML,Fixed bandwidth,0.15,0.0,0.798504806125345,0.0141193856906522,0.8318293782081901,0.7718567076821136,-0.0333245720828451,0.0266480984432314,False,True,0.0553479919073569,3.283645540785862e-05,False,False,-4.604761016935299e-15,-1.3930956923618942,,20260930
lognormal,2000,1,Empirical DML,Exact reserve,0.1136787424882798,0.0,0.7377154423101436,0.0261728725401219,0.7718567076821136,0.7718567076821136,-0.0341412653719699,-0.0341412653719699,True,True,0.102597660357278,3.4828937240050095e-05,False,False,,,,20260930
lognormal,2000,1,Smooth plug-in,Fixed bandwidth,0.15,0.0,0.7976903253737515,0.0138723245878872,0.8318293782081901,0.7718567076821136,-0.0341390528344386,0.0258336176916379,False,True,0.0543795123845181,3.0689290541285885e-05,False,False,-7.216449660063518e-15,-1.3865791289263685,,20260930
lognormal,2000,1,Smooth plug-in,Exact reserve,0.1136787424882798,0.0,0.7318418522963299,0.0244796933407955,0.7718567076821136,0.7718567076821136,-0.0400148553857836,-0.0400148553857836,True,True,0.0959603978959185,4.576022835700577e-05,False,False,,,,20260930
lognormal,2000,1,Lognormal MLE,Exact reserve,0.0,,0.7738107698713601,0.0064642735105792,0.7718567076821136,0.7718567076821136,0.0019540621892465,0.0019540621892465,True,True,0.0253399521614707,1.4871234643720754e-07,False,False,1.612112603410765e-07,,True,20260930
lognormal,2000,2,Original fixed,Fixed bandwidth,0.15,0.0361445825096095,0.8349174990489246,0.0169246137320055,0.8318293782081901,0.7718567076821136,0.0030881208407345,0.063060791366811,True,False,0.0663444858294619,0.0002333957245439,False,False,-8.484235536343476e-14,-1.123390352023197,,20260930
lognormal,2000,2,Original fixed,Exact reserve,0.1136787424882798,0.0361445825096095,0.7537824579838106,0.0468027536119079,0.7718567076821136,0.7718567076821136,-0.0180742496983029,-0.0180742496983029,True,True,0.183466794158679,1.100359047745414e-05,False,False,,,,20260930
lognormal,2000,2,Monotone fixed,Fixed bandwidth,0.15,0.0361445825096095,0.8346364347615661,0.0168991753498184,0.8318293782081901,0.7718567076821136,0.0028070565533759,0.0627797270794525,True,False,0.0662447673712883,0.0002309103190967,False,False,-1.456189835380428e-12,-1.1224018182676063,,20260930
lognormal,2000,2,Monotone fixed,Exact reserve,0.1136787424882798,0.0361445825096095,0.7524495762893525,0.0464978596487606,0.7718567076821136,0.7718567076821136,-0.019407131392761,-0.019407131392761,True,True,0.1822716098231418,1.2562287014183935e-05,False,False,,,,20260930
lognormal,2000,2,Original adaptive,Fixed bandwidth,0.15,0.3333333333333333,0.8458393361673827,0.0196438747684433,0.8318293782081901,0.7718567076821136,0.0140099579591925,0.0739826284852691,True,False,0.0770039890922977,0.0003438376220914,False,False,1.1723955140041654e-16,-1.1881854749397247,,20260930
lognormal,2000,2,Original adaptive,Exact reserve,0.1136787424882798,0.3333333333333333,0.82096919593647,0.0620359789894785,0.7718567076821136,0.7718567076821136,0.0491124882543564,0.0491124882543564,True,True,0.2431810376387559,0.0001294854214521,False,False,,,,20260930
lognormal,2000,2,Monotone adaptive,Fixed bandwidth,0.15,0.6666666666666666,0.835313575144712,0.0169523301712927,0.8318293782081901,0.7718567076821136,0.0034841969365219,0.0634568674625984,True,False,0.0664531342714677,0.0002369268087309,False,False,6.217248937900877e-17,-1.1143476041187397,,20260930
lognormal,2000,2,Monotone adaptive,Exact reserve,0.1136787424882798,0.5,0.7536325602221221,0.0460987312793912,0.7718567076821136,0.7718567076821136,-0.0182241474599914,-0.0182241474599914,True,True,0.1807070266152138,1.1174546507453089e-05,False,False,,,,20260930
lognormal,2000,2,Empirical DML,Fixed bandwidth,0.15,0.0,0.8346605596404545,0.0168988801199404,0.8318293782081901,0.7718567076821136,0.0028311814322643,0.0628038519583409,True,False,0.0662436100701663,0.0002311231519169,False,False,-1.2744774124939797e-12,-1.1234180521007089,,20260930
lognormal,2000,2,Empirical DML,Exact reserve,0.1136787424882798,0.0,0.7531631952856463,0.0463300745457482,0.7718567076821136,0.7718567076821136,-0.0186935123964672,-0.0186935123964672,True,True,0.1816138922193331,1.1716942868833511e-05,False,False,,,,20260930
lognormal,2000,2,Smooth plug-in,Fixed bandwidth,0.15,0.0,0.8354404517603766,0.0162764887020527,0.8318293782081901,0.7718567076821136,0.0036110735521864,0.063583744078263,True,False,0.0638038357120468,0.0002380651308948,False,False,1.1102230246251563e-16,-1.1151460267011526,,20260930
lognormal,2000,2,Smooth plug-in,Exact reserve,0.1136787424882798,0.0,0.7434492134194381,0.0458245063466783,0.7718567076821136,0.7718567076821136,-0.0284074942626754,-0.0284074942626754,True,True,0.179632064878979,2.5174608989431135e-05,False,False,,,,20260930
lognormal,2000,2,Lognormal MLE,Exact reserve,0.0,,0.7756393912883641,0.0065278736643906,0.7718567076821136,0.7718567076821136,0.0037826836062505,0.0037826836062505,True,True,0.0255892647644115,5.64471739128436e-07,False,False,2.2919971698343033e-07,,True,20260930
lognormal,2000,3,Original fixed,Fixed bandwidth,0.15,0.0361445825096095,0.850127923775055,0.0186172691556858,0.8318293782081901,0.7718567076821136,0.0182985455668648,0.0782712160929414,True,False,0.0729796950902885,0.0003950881674266,False,False,1.1381730224968578e-11,-1.3151905709695908,,20260930
lognormal,2000,3,Original fixed,Exact reserve,0.1136787424882798,0.0361445825096095,0.8292752884378676,0.0369183838609005,0.7718567076821136,0.7718567076821136,0.057418580755754,0.057418580755754,True,True,0.1447200647347302,0.0001867021633168,False,False,,,,20260930
lognormal,2000,3,Monotone fixed,Fixed bandwidth,0.15,0.0361445825096095,0.8499483173697401,0.0183572077806892,0.8318293782081901,0.7718567076821136,0.0181189391615499,0.0780916096876265,True,False,0.0719602545003018,0.0003928472950804,False,False,1.402176152964785e-13,-1.3146915671168946,,20260930
lognormal,2000,3,Monotone fixed,Exact reserve,0.1136787424882798,0.0361445825096095,0.8288435994138618,0.0361566539837654,0.7718567076821136,0.7718567076821136,0.0569868917317482,0.0569868917317482,True,True,0.1417340836163605,0.0001833993061337,False,False,,,,20260930
lognormal,2000,3,Original adaptive,Fixed bandwidth,0.15,0.1666666666666666,0.8539441648853112,0.0202976162246491,0.8318293782081901,0.7718567076821136,0.022114786677121,0.0820874572031976,True,False,0.0795666556006246,0.0004447254574364,False,False,-2.8217726599777388e-11,-1.32508884412743,,20260930
lognormal,2000,3,Original adaptive,Exact reserve,0.1136787424882798,0.1666666666666666,0.838278395893741,0.0417275841554731,0.7718567076821136,0.7718567076821136,0.0664216882116274,0.0664216882116274,True,True,0.1635721298894547,0.000264456286839,False,False,,,,20260930
lognormal,2000,3,Monotone adaptive,Fixed bandwidth,0.15,0.3333333333333333,0.8510662827600965,0.0189647300513242,0.8318293782081901,0.7718567076821136,0.0192369045519064,0.0792095750779829,True,False,0.0743417418011911,0.0004069342532866,False,False,-6.2172489379008775e-18,-1.328470809240059,,20260930
lognormal,2000,3,Monotone adaptive,Exact reserve,0.1136787424882798,0.3333333333333333,0.8327752645895907,0.0372926316154405,0.7718567076821136,0.7718567076821136,0.0609185569074771,0.0609185569074771,True,True,0.1461871159325269,0.0002148816670004,False,False,,,,20260930
lognormal,2000,3,Empirical DML,Fixed bandwidth,0.15,0.0,0.8500422428726641,0.0183272315354561,0.8318293782081901,0.7718567076821136,0.0182128646644739,0.0781855351905504,True,False,0.0718427476189881,0.000394018007733,False,False,-6.055812296068553e-12,-1.3143508725098574,,20260930
lognormal,2000,3,Empirical DML,Exact reserve,0.1136787424882798,0.0,0.8289663982188502,0.0360743245198173,0.7718567076821136,0.7718567076821136,0.0571096905367366,0.0571096905367366,True,True,0.141411352117684,0.0001843349280969,False,False,,,,20260930
lognormal,2000,3,Smooth plug-in,Fixed bandwidth,0.15,0.0,0.8481175042794312,0.018130920615032,0.8318293782081901,0.7718567076821136,0.016288126071241,0.0762607965973176,True,False,0.0710732088109254,0.0003704793034975,False,False,-2.220446049250313e-16,-1.3070559305355944,,20260930
lognormal,2000,3,Smooth plug-in,Exact reserve,0.1136787424882798,0.0,0.8242826893098898,0.0351969651736171,0.7718567076821136,0.7718567076821136,0.0524259816277762,0.0524259816277762,True,True,0.137972103480579,0.0001507428012745,False,False,,,,20260930
lognormal,2000,3,Lognormal MLE,Exact reserve,0.0,,0.7637864094545557,0.0066163279300101,0.7718567076821136,0.7718567076821136,-0.0080702982275578,-0.0080702982275578,True,True,0.0259360054856396,2.3600725482797458e-06,False,False,1.9361304559595286e-08,,True,20260930
lognormal,2000,4,Original fixed,Fixed bandwidth,0.15,0.0361445825096095,0.8280433146083542,0.0172982633125197,0.8318293782081901,0.7718567076821136,-0.0037860635998359,0.0561866069262406,True,False,0.0678091921850774,0.0001773755376894,False,False,-1.3775647289548942e-15,-1.4586768853439436,,20260930
lognormal,2000,4,Original fixed,Exact reserve,0.1136787424882798,0.0361445825096095,0.7848708747129257,0.0396702244138501,0.7718567076821136,0.7718567076821136,0.0130141670308121,0.0130141670308121,True,True,0.1555072797022925,7.130003733646362e-06,False,False,,,,20260930
lognormal,2000,4,Monotone fixed,Fixed bandwidth,0.15,0.0361445825096095,0.8279714858350786,0.0170393728378649,0.8318293782081901,0.7718567076821136,-0.0038578923731115,0.056114778152965,True,False,0.0667943415244304,0.0001768410837095,False,False,-1.2949641359227826e-15,-1.4588317182595254,,20260930
lognormal,2000,4,Monotone fixed,Exact reserve,0.1136787424882798,0.0361445825096095,0.7846746175914501,0.0385353128504157,0.7718567076821136,0.7718567076821136,0.0128179099093365,0.0128179099093365,True,True,0.1510584263736297,6.907037825909512e-06,False,False,,,,20260930
lognormal,2000,4,Original adaptive,Fixed bandwidth,0.15,0.6666666666666666,0.8348628809625598,0.0208977026184299,0.8318293782081901,0.7718567076821136,0.0030335027543696,0.0630061732804462,True,False,0.0819189942642452,0.0002329111098604,False,False,2.693012923771221e-12,-1.540654743771268,,20260930
lognormal,2000,4,Original adaptive,Exact reserve,0.1136787424882798,0.6666666666666666,0.8207314716027196,0.0544291513398856,0.7718567076821136,0.7718567076821136,0.048874763920606,0.048874763920606,True,True,0.2133622732523515,0.0001280371759384,False,False,,,,20260930
lognormal,2000,4,Monotone adaptive,Fixed bandwidth,0.15,0.3333333333333333,0.8291291791825828,0.0171769254540236,0.8318293782081901,0.7718567076821136,-0.0027001990256073,0.0572724715004692,True,False,0.0673335477797728,0.0001855801442158,False,False,-1.1588712212073916e-11,-1.4504509310384872,,20260930
lognormal,2000,4,Monotone adaptive,Exact reserve,0.1136787424882798,0.3333333333333333,0.7867820501727008,0.0394247658242914,0.7718567076821136,0.7718567076821136,0.0149253424905871,0.0149253424905871,True,True,0.1545450820312223,9.503500054686144e-06,False,False,,,,20260930
lognormal,2000,4,Empirical DML,Fixed bandwidth,0.15,0.0,0.8280192465465387,0.0171295436076161,0.8318293782081901,0.7718567076821136,-0.0038101316616514,0.0561625388644251,True,False,0.0671478109418551,0.0001771961650507,False,False,-1.311839525897085e-15,-1.4584057471847565,,20260930
lognormal,2000,4,Empirical DML,Exact reserve,0.1136787424882798,0.0,0.7847469990207497,0.038943572548011,0.7718567076821136,0.7718567076821136,0.0128902913386361,0.0128902913386361,True,True,0.1526588043882032,6.988871867008584e-06,False,False,,,,20260930
lognormal,2000,4,Smooth plug-in,Fixed bandwidth,0.15,0.0,0.8272456677770641,0.0164359809401342,0.8318293782081901,0.7718567076821136,-0.004583710431126,0.0553889600949505,True,False,0.0644290452853264,0.00017149755381,False,False,1.2212453270876722e-15,-1.468135621210398,,20260930
lognormal,2000,4,Smooth plug-in,Exact reserve,0.1136787424882798,0.0,0.7837106627870961,0.0367290843443993,0.7718567076821136,0.7718567076821136,0.0118539551049825,0.0118539551049825,True,True,0.1439780106300455,5.867594466080206e-06,False,False,,,,20260930
lognormal,2000,4,Lognormal MLE,Exact reserve,0.0,,0.7795795797537681,0.0063535243423507,0.7718567076821136,0.7718567076821136,0.0077228720716545,0.0077228720716545,True,True,0.0249058154220149,2.4194117218545586e-06,False,False,1.8408660373836483e-08,,True,20260930
lognormal,2000,5,Original fixed,Fixed bandwidth,0.15,0.0361445825096095,0.8148878463075522,0.0156789937355205,0.8318293782081901,0.7718567076821136,-0.0169415319006379,0.0430311386254386,True,False,0.0614616554432404,9.553223516700626e-05,False,False,8.992557809506253e-13,-1.2656660712221068,,20260930
lognormal,2000,5,Original fixed,Exact reserve,0.1136787424882798,0.0361445825096095,0.752993154423818,0.0366757885629879,0.7718567076821136,0.7718567076821136,-0.0188635532582955,-0.0188635532582955,True,True,0.1437690911669127,1.1916190822525152e-05,False,False,,,,20260930
lognormal,2000,5,Monotone fixed,Fixed bandwidth,0.15,0.0361445825096095,0.8147506824061985,0.0154768842266571,0.8318293782081901,0.7718567076821136,-0.0170786958019916,0.0428939747240849,True,False,0.0606693861684959,9.48387426482622e-05,False,False,4.193619673742432e-12,-1.2659945610768286,,20260930
lognormal,2000,5,Monotone fixed,Exact reserve,0.1136787424882798,0.0361445825096095,0.7524003167817284,0.0357932617539332,0.7718567076821136,0.7718567076821136,-0.0194563909003852,-0.0194563909003852,True,True,0.1403095860754184,1.262163367954372e-05,False,False,,,,20260930
lognormal,2000,5,Original adaptive,Fixed bandwidth,0.15,0.0,0.8148038952992973,0.0154627868907632,0.8318293782081901,0.7718567076821136,-0.0170254829088928,0.0429471876171837,True,False,0.060614124611792,9.51075114621336e-05,False,False,2.6579272116578067e-12,-1.2663138429968337,,20260930
lognormal,2000,5,Original adaptive,Exact reserve,0.1136787424882798,0.0,0.7527676123124447,0.0358077197415977,0.7718567076821136,0.7718567076821136,-0.0190890953696688,-0.0190890953696688,True,True,0.1403662613870631,1.2182558659645792e-05,False,False,,,,20260930
lognormal,2000,5,Monotone adaptive,Fixed bandwidth,0.15,0.6666666666666666,0.8135012312854261,0.0157932516050218,0.8318293782081901,0.7718567076821136,-0.018328146922764,0.0416445236033125,True,False,0.0619095462916856,8.866187258815827e-05,False,False,-4.884981308350689e-16,-1.2501668972421418,,20260930
lognormal,2000,5,Monotone adaptive,Exact reserve,0.1136787424882798,0.6666666666666666,0.7432474090309187,0.0356814650033527,0.7718567076821136,0.7718567076821136,-0.0286092986511948,-0.0286092986511948,True,True,0.1398713428131426,2.549504171223127e-05,False,False,,,,20260930
lognormal,2000,5,Empirical DML,Fixed bandwidth,0.15,0.0,0.8148038952992973,0.0154627868907632,0.8318293782081901,0.7718567076821136,-0.0170254829088928,0.0429471876171837,True,False,0.060614124611792,9.51075114621336e-05,False,False,2.6579272116578067e-12,-1.2663138429968337,,20260930
lognormal,2000,5,Empirical DML,Exact reserve,0.1136787424882798,0.0,0.7527676123124447,0.0358077197415977,0.7718567076821136,0.7718567076821136,-0.0190890953696688,-0.0190890953696688,True,True,0.1403662613870631,1.2182558659645792e-05,False,False,,,,20260930
lognormal,2000,5,Smooth plug-in,Fixed bandwidth,0.15,0.0,0.8126228491898534,0.0148627488341989,0.8318293782081901,0.7718567076821136,-0.0192065290183367,0.0407661415077398,True,False,0.0582619754300598,8.446998371991477e-05,False,False,-5.551115123125784e-16,-1.2695035969401136,,20260930
lognormal,2000,5,Smooth plug-in,Exact reserve,0.1136787424882798,0.0,0.7432912297966726,0.0332848948794216,0.7718567076821136,0.7718567076821136,-0.0285654778854409,-0.0285654778854409,True,True,0.1304767879273329,2.542530175819735e-05,False,False,,,,20260930
lognormal,2000,5,Lognormal MLE,Exact reserve,0.0,,0.7701935941255404,0.0065274207771503,0.7718567076821136,0.7718567076821136,-0.0016631135565731,-0.0016631135565731,True,True,0.0255874894464293,1.0498549118942436e-07,False,False,2.727871128982429e-08,,True,20260930
lognormal,2000,6,Original fixed,Fixed bandwidth,0.15,0.0361445825096095,0.8544048761119757,0.0185608143219072,0.8318293782081901,0.7718567076821136,0.0225754979037855,0.0825481684298621,True,False,0.0727583921418766,0.0004509832665038,False,False,4.007791432059094e-12,-1.376759808208918,,20260930
lognormal,2000,6,Original fixed,Exact reserve,0.1136787424882798,0.0361445825096095,0.8408205425081376,0.0445086183928701,0.7718567076821136,0.7718567076821136,0.068963834826024,0.068963834826024,True,True,0.1744737841000507,0.0002896413606652,False,False,,,,20260930
lognormal,2000,6,Monotone fixed,Fixed bandwidth,0.15,0.0361445825096095,0.8544916447141793,0.0186247605778685,0.8318293782081901,0.7718567076821136,0.0226622665059891,0.0826349370320657,True,False,0.0730090614652447,0.0004521680807321,False,False,2.8812685570756002e-12,-1.372477098425735,,20260930
lognormal,2000,6,Monotone fixed,Exact reserve,0.1136787424882798,0.0361445825096095,0.8402087327254933,0.044644862763383,0.7718567076821136,0.7718567076821136,0.0683520250433797,0.0683520250433797,True,True,0.1750078620324613,0.0002834440826935,False,False,,,,20260930
lognormal,2000,6,Original adaptive,Fixed bandwidth,0.15,0.0833333333333333,0.8537579364918171,0.0188662497801349,0.8318293782081901,0.7718567076821136,0.0219285582836269,0.0819012288097035,True,False,0.0739556991381288,0.0004422119410512,False,False,1.1910564978734328e-11,-1.3654422869597749,,20260930
lognormal,2000,6,Original adaptive,Exact reserve,0.1136787424882798,0.0833333333333333,0.8376078367609996,0.0456552820780631,0.7718567076821136,0.7718567076821136,0.065751129078886,0.065751129078886,True,True,0.1789687057460076,0.0002580584776776,False,False,,,,20260930
lognormal,2000,6,Monotone adaptive,Fixed bandwidth,0.15,0.25,0.8518085525414624,0.0178130338646679,0.8318293782081901,0.7718567076821136,0.0199791743332722,0.0799518448593488,True,False,0.0698270927494985,0.0004164690941736,False,False,-6.927791673660977e-17,-1.3754147845562503,,20260930
lognormal,2000,6,Monotone adaptive,Exact reserve,0.1136787424882798,0.4166666666666667,0.8330795191275193,0.0423802200828521,0.7718567076821136,0.7718567076821136,0.0612228114454057,0.0612228114454057,True,True,0.1661304627247803,0.0002174514404171,False,False,,,,20260930
lognormal,2000,6,Empirical DML,Fixed bandwidth,0.15,0.0,0.8549599105363447,0.0187724057404911,0.8318293782081901,0.7718567076821136,0.0231305323281545,0.0831032028542311,True,False,0.0735878305027252,0.0004585991760097,False,False,2.1218582446635992e-14,-1.372707251105467,,20260930
lognormal,2000,6,Empirical DML,Exact reserve,0.1136787424882798,0.0,0.8410771136782498,0.0450914265011551,0.7718567076821136,0.7718567076821136,0.0692204059961362,0.0692204059961362,True,True,0.1767583918845282,0.0002922662139523,False,False,,,,20260930
lognormal,2000,6,Smooth plug-in,Fixed bandwidth,0.15,0.0,0.8468014662939751,0.0166540176464182,0.8318293782081901,0.7718567076821136,0.0149720880857849,0.0749447586118615,True,False,0.0652837491739596,0.0003549299580165,False,False,0.0,-1.3815357134239203,,20260930
lognormal,2000,6,Smooth plug-in,Exact reserve,0.1136787424882798,0.0,0.8265551255265937,0.0380431486025164,0.7718567076821136,0.7718567076821136,0.0546984178444801,0.0546984178444801,True,True,0.1491291425218645,0.0001665092604283,False,False,,,,20260930
lognormal,2000,6,Lognormal MLE,Exact reserve,0.0,,0.7701459842336486,0.0062588302664237,0.7718567076821136,0.7718567076821136,-0.001710723448465,-0.001710723448465,True,True,0.0245346146443811,1.109490370687638e-07,False,False,1.4160636774285253e-08,,True,20260930
lognormal,2000,7,Original fixed,Fixed bandwidth,0.15,0.0361445825096095,0.8579544175075324,0.019944741732831,0.8318293782081901,0.7718567076821136,0.0261250392993422,0.0860977098254188,True,False,0.0781833875926975,0.0005011716776655,False,False,-2.3341328869719292e-15,-1.5140442934140628,,20260930
lognormal,2000,7,Original fixed,Exact reserve,0.1136787424882798,0.0361445825096095,0.8444029948282796,0.0368037578383231,0.7718567076821136,0.7718567076821136,0.072546287146166,0.072546287146166,False,False,0.1442707307262267,0.0003277048917929,False,False,,,,20260930
lognormal,2000,7,Monotone fixed,Fixed bandwidth,0.15,0.0361445825096095,0.8572294290878677,0.0196194955752205,0.8318293782081901,0.7718567076821136,0.0254000508796775,0.0853727214057541,True,False,0.0769084226548645,0.0004906330343021,False,False,1.865174681370263e-15,-1.509233300651971,,20260930
lognormal,2000,7,Monotone fixed,Exact reserve,0.1136787424882798,0.0361445825096095,0.8426267990163799,0.0363005459730943,0.7718567076821136,0.7718567076821136,0.0707700913342663,0.0707700913342663,True,True,0.14229814021453,0.0003084499929018,False,False,,,,20260930
lognormal,2000,7,Original adaptive,Fixed bandwidth,0.15,0.0833333333333333,0.8575495647565067,0.0196974525922792,0.8318293782081901,0.7718567076821136,0.0257201865483165,0.0856928570743931,True,False,0.0772140141617348,0.0004952685003702,False,False,-2.142286348316702e-15,-1.5044087508064763,,20260930
lognormal,2000,7,Original adaptive,Exact reserve,0.1136787424882798,0.0,0.8432165062015262,0.0362419036395235,0.7718567076821136,0.7718567076821136,0.0713597985194126,0.0713597985194126,False,False,0.1420682622669321,0.0003147584274818,False,False,,,,20260930
lognormal,2000,7,Monotone adaptive,Fixed bandwidth,0.15,0.0,0.8574553647334653,0.0196178572385358,0.8318293782081901,0.7718567076821136,0.0256259865252751,0.0855986570513517,True,False,0.0769020003750606,0.0004939014480462,False,False,2.62545540863357e-15,-1.5119630200950596,,20260930
lognormal,2000,7,Monotone adaptive,Exact reserve,0.1136787424882798,0.0,0.8433375695359354,0.036178702102918,0.7718567076821136,0.7718567076821136,0.0714808618538218,0.0714808618538218,False,False,0.1418205122434385,0.0003160638409225,False,False,,,,20260930
lognormal,2000,7,Empirical DML,Fixed bandwidth,0.15,0.0,0.8574553647334653,0.0196178572385358,0.8318293782081901,0.7718567076821136,0.0256259865252751,0.0855986570513517,True,False,0.0769020003750606,0.0004939014480462,False,False,2.62545540863357e-15,-1.5119630200950596,,20260930
lognormal,2000,7,Empirical DML,Exact reserve,0.1136787424882798,0.0,0.8433375695359354,0.036178702102918,0.7718567076821136,0.7718567076821136,0.0714808618538218,0.0714808618538218,False,False,0.1418205122434385,0.0003160638409225,False,False,,,,20260930
lognormal,2000,7,Smooth plug-in,Fixed bandwidth,0.15,0.0,0.849007343774489,0.0185647915856933,0.8318293782081901,0.7718567076821136,0.0171779655662989,0.0771506360923754,True,False,0.0727739830159181,0.0003812431547347,False,False,-1.5825785126821756e-11,-1.4135562567002546,,20260930
lognormal,2000,7,Smooth plug-in,Exact reserve,0.1136787424882798,0.0,0.8149448912971442,0.0368675559517181,0.7718567076821136,0.7718567076821136,0.0430881836150306,0.0430881836150306,True,True,0.1445208193307353,9.582185207634986e-05,False,False,,,,20260930
lognormal,2000,7,Lognormal MLE,Exact reserve,0.0,,0.7771222524084672,0.0065957952019329,0.7718567076821136,0.7718567076821136,0.0052655447263536,0.0052655447263536,True,True,0.0258555171915772,1.1052563386737546e-06,False,False,6.392819784650783e-07,,True,20260930
lognormal,2000,8,Original fixed,Fixed bandwidth,0.15,0.0361445825096095,0.8370273244116349,0.0176210698617553,0.8318293782081901,0.7718567076821136,0.0051979462034447,0.0651706167295212,True,False,0.0690745938580808,0.000252601148041,False,False,7.793765632868598e-16,-1.4449713288811972,,20260930
lognormal,2000,8,Original fixed,Exact reserve,0.1136787424882798,0.0361445825096095,0.8209728736579786,0.0303876738264282,0.7718567076821136,0.7718567076821136,0.0491161659758649,0.0491161659758649,True,True,0.1191196813995987,0.0001295079051002,False,False,,,,20260930
lognormal,2000,8,Monotone fixed,Fixed bandwidth,0.15,0.0361445825096095,0.8369871372475238,0.0175160145909019,0.8318293782081901,0.7718567076821136,0.0051577590393336,0.0651304295654102,True,False,0.0686627771963356,0.0002522264715512,False,False,7.562839243746568e-16,-1.4443960658993382,,20260930
lognormal,2000,8,Monotone fixed,Exact reserve,0.1136787424882798,0.0361445825096095,0.8208434496485958,0.0299631185679925,0.7718567076821136,0.7718567076821136,0.0489867419664822,0.0489867419664822,True,True,0.1174554247865308,0.0001287180956954,False,False,,,,20260930
lognormal,2000,8,Original adaptive,Fixed bandwidth,0.15,0.0833333333333333,0.837296598111526,0.0176435016690107,0.8318293782081901,0.7718567076821136,0.0054672199033358,0.0654398904294124,True,False,0.0691625265425222,0.000255123305725,False,False,1.092459456231154e-15,-1.4407418740654143,,20260930
lognormal,2000,8,Original adaptive,Exact reserve,0.1136787424882798,0.1666666666666666,0.8227678729608474,0.0317826368739441,0.7718567076821136,0.7718567076821136,0.0509111652787338,0.0509111652787338,True,True,0.124587936545861,0.0001407743327217,False,False,,,,20260930
lognormal,2000,8,Monotone adaptive,Fixed bandwidth,0.15,1.0,0.8372851024985841,0.0185470816488999,0.8318293782081901,0.7718567076821136,0.0054557242903939,0.0654283948164705,True,False,0.0727045600636878,0.0002550152037121,False,False,8.353318037279678e-16,-1.438798928721392,,20260930
lognormal,2000,8,Monotone adaptive,Exact reserve,0.1136787424882798,1.0,0.8202098541804197,0.0325783154785297,0.7718567076821136,0.7718567076821136,0.0483531464983061,0.0483531464983061,True,True,0.1277069966758365,0.0001248946761998,False,False,,,,20260930
lognormal,2000,8,Empirical DML,Fixed bandwidth,0.15,0.0,0.8370001540248255,0.0174768468550579,0.8318293782081901,0.7718567076821136,0.0051707758166353,0.0651434463427119,True,False,0.0685092396718269,0.0002523478307099,False,False,7.971401316808625e-16,-1.4450325677119125,,20260930
lognormal,2000,8,Empirical DML,Exact reserve,0.1136787424882798,0.0,0.8209445210978201,0.0298510265443837,0.7718567076821136,0.7718567076821136,0.0490878134157065,0.0490878134157065,True,True,0.1170160240539844,0.000129334572513,False,False,,,,20260930
lognormal,2000,8,Smooth plug-in,Fixed bandwidth,0.15,0.0,0.8366995163155032,0.0173734768021704,0.8318293782081901,0.7718567076821136,0.004870138107313,0.0648428086333896,True,False,0.068104029064508,0.000249552998891,False,False,3.3306690738754696e-16,-1.4294464183783884,,20260930
lognormal,2000,8,Smooth plug-in,Exact reserve,0.1136787424882798,0.0,0.8182961540563152,0.0299355653356378,0.7718567076821136,0.7718567076821136,0.0464394463742016,0.0464394463742016,True,True,0.1173474161157004,0.0001137771242387,False,False,,,,20260930
lognormal,2000,8,Lognormal MLE,Exact reserve,0.0,,0.7674946007051926,0.0065840325813384,0.7718567076821136,0.7718567076821136,-0.0043621069769209,-0.0043621069769209,True,True,0.0258094077188468,7.081383706086797e-07,False,False,2.3998820708470703e-09,,True,20260930
lognormal,2000,9,Original fixed,Fixed bandwidth,0.15,0.0361445825096095,0.858036143282671,0.0214875447325041,0.8318293782081901,0.7718567076821136,0.0262067650744808,0.0861794356005574,True,False,0.0842311753514162,0.0005023693809893,False,False,-3.189197794739585e-11,-1.2814907880828084,,20260930
lognormal,2000,9,Original fixed,Exact reserve,0.1136787424882798,0.0361445825096095,0.8465758473651095,0.0554886735298802,0.7718567076821136,0.7718567076821136,0.0747191396829959,0.0747191396829959,True,True,0.2175156002371305,0.0003523081557301,False,False,,,,20260930
lognormal,2000,9,Monotone fixed,Fixed bandwidth,0.15,0.0361445825096095,0.8571769520002143,0.0212674802472682,0.8318293782081901,0.7718567076821136,0.0253475737920241,0.0853202443181007,True,False,0.0833685225692916,0.0004898762822262,False,False,2.8954616482224084e-16,-1.2761129892905163,,20260930
lognormal,2000,9,Monotone fixed,Exact reserve,0.1136787424882798,0.0361445825096095,0.8431818210414279,0.055006259016377,0.7718567076821136,0.7718567076821136,0.0713251133593143,0.0713251133593143,True,True,0.2156245353441979,0.0003143848331612,False,False,,,,20260930
lognormal,2000,9,Original adaptive,Fixed bandwidth,0.15,0.1666666666666666,0.8611341592704428,0.0216260334466014,0.8318293782081901,0.7718567076821136,0.0293047810622526,0.0892774515883292,True,False,0.0847740511106776,0.0005491825073935,False,False,-3.2862601528904626e-17,-1.3061983040390857,,20260930
lognormal,2000,9,Original adaptive,Exact reserve,0.1136787424882798,0.0833333333333333,0.8617951326839772,0.0528744877356389,0.7718567076821136,0.7718567076821136,0.0899384250018636,0.0899384250018636,True,True,0.2072679919237047,0.0005595342237307,False,False,,,,20260930
lognormal,2000,9,Monotone adaptive,Fixed bandwidth,0.15,0.3333333333333333,0.8576029400448917,0.021416784480854,0.8318293782081901,0.7718567076821136,0.0257735618367015,0.0857462323627781,True,False,0.0839537951649478,0.0004960436695964,False,False,-2.988869240994063e-11,-1.2715545103832997,,20260930
lognormal,2000,9,Monotone adaptive,Exact reserve,0.1136787424882798,0.4166666666666667,0.828971545020318,0.0507017058616652,0.7718567076821136,0.7718567076821136,0.0571148373382044,0.0571148373382044,True,True,0.1987506869777276,0.0001843741766021,False,False,,,,20260930
lognormal,2000,9,Empirical DML,Fixed bandwidth,0.15,0.0,0.8579599264865082,0.0214814891199841,0.8318293782081901,0.7718567076821136,0.026130548278318,0.0861032188043946,True,False,0.0842074373503378,0.0005012522508431,False,False,3.1591887328374923e-11,-1.2764294339994595,,20260930
lognormal,2000,9,Empirical DML,Exact reserve,0.1136787424882798,0.0,0.8451452750515092,0.0556217243493304,0.7718567076821136,0.7718567076821136,0.0732885673693956,0.0732885673693956,True,True,0.2180371594493754,0.0003359787813392,False,False,,,,20260930
lognormal,2000,9,Smooth plug-in,Fixed bandwidth,0.15,0.0,0.8418609540471561,0.0165527037421599,0.8318293782081901,0.7718567076821136,0.0100315758389659,0.0700042463650425,True,False,0.064886598669267,0.0003003808880495,False,False,2.220446049250313e-16,-1.3230254200419234,,20260930
lognormal,2000,9,Smooth plug-in,Exact reserve,0.1136787424882798,0.0,0.811500577472996,0.0383204501964558,0.7718567076821136,0.7718567076821136,0.0396438697908824,0.0396438697908824,True,True,0.1502161647701069,7.929264453210294e-05,False,False,,,,20260930
lognormal,2000,9,Lognormal MLE,Exact reserve,0.0,,0.7723541643848039,0.0063603084150826,0.7718567076821136,0.7718567076821136,0.0004974567026903,0.0004974567026903,True,True,0.0249324089871241,9.556851532366297e-09,False,False,8.541322316091282e-07,,True,20260930
lognormal,2000,10,Original fixed,Fixed bandwidth,0.15,0.0361445825096095,0.8292573687509868,0.0179424478827862,0.8318293782081901,0.7718567076821136,-0.0025720094572033,0.0574006610688732,True,False,0.070334395700522,0.0001865643095768,False,False,-1.5623949467524768e-11,-1.3284190919212135,,20260930
lognormal,2000,10,Original fixed,Exact reserve,0.1136787424882798,0.0361445825096095,0.7910925485313773,0.0350494332316335,0.7718567076821136,0.7718567076821136,0.0192358408492637,0.0192358408492637,True,True,0.1373937782680035,1.626346516392374e-05,False,False,,,,20260930
lognormal,2000,10,Monotone fixed,Fixed bandwidth,0.15,0.0361445825096095,0.8291167929847115,0.0176663531236422,0.8318293782081901,0.7718567076821136,-0.0027125852234786,0.0572600853025979,True,False,0.0692521042446775,0.0001854851584692,False,False,-2.3847590568948364e-16,-1.330860912789134,,20260930
lognormal,2000,10,Monotone fixed,Exact reserve,0.1136787424882798,0.0361445825096095,0.7910321616586974,0.0340655656790196,0.7718567076821136,0.7718567076821136,0.0191754539765838,0.0191754539765838,True,True,0.133537017461757,1.6154846036453563e-05,False,False,,,,20260930
lognormal,2000,10,Original adaptive,Fixed bandwidth,0.15,0.0,0.8291842978671135,0.0176941818426657,0.8318293782081901,0.7718567076821136,-0.0026450803410766,0.0573275901849998,True,False,0.0693611928232498,0.0001860028315863,False,False,-6.550768150148656e-12,-1.3302918416044267,,20260930
lognormal,2000,10,Original adaptive,Exact reserve,0.1136787424882798,0.0,0.7911388220501053,0.0341489325744401,0.7718567076821136,0.7718567076821136,0.0192821143679917,0.0192821143679917,True,True,0.1338638156918054,1.6347100125102543e-05,False,False,,,,20260930
lognormal,2000,10,Monotone adaptive,Fixed bandwidth,0.15,0.6666666666666666,0.8284135937576846,0.0179029446747679,0.8318293782081901,0.7718567076821136,-0.0034157844505054,0.056556886075571,True,False,0.0701795431250902,0.000180146943151,False,False,-1.0048628595882292e-15,-1.325431893428277,,20260930
lognormal,2000,10,Monotone adaptive,Exact reserve,0.1136787424882798,0.8333333333333334,0.7883652429700836,0.0337040609565923,0.7718567076821136,0.7718567076821136,0.01650853528797,0.01650853528797,True,True,0.1321199189498421,1.175504073436251e-05,False,False,,,,20260930
lognormal,2000,10,Empirical DML,Fixed bandwidth,0.15,0.0,0.8291842978671135,0.0176941818426657,0.8318293782081901,0.7718567076821136,-0.0026450803410766,0.0573275901849998,True,False,0.0693611928232498,0.0001860028315863,False,False,-6.550768150148656e-12,-1.3302918416044267,,20260930
lognormal,2000,10,Empirical DML,Exact reserve,0.1136787424882798,0.0,0.7911388220501053,0.0341489325744401,0.7718567076821136,0.7718567076821136,0.0192821143679917,0.0192821143679917,True,True,0.1338638156918054,1.6347100125102543e-05,False,False,,,,20260930
lognormal,2000,10,Smooth plug-in,Fixed bandwidth,0.15,0.0,0.8277661352032462,0.0172461027272558,0.8318293782081901,0.7718567076821136,-0.0040632430049439,0.0559094275211325,True,False,0.0676047226908428,0.0001753184612287,False,False,-1.5543122344752194e-15,-1.342286227484779,,20260930
lognormal,2000,10,Smooth plug-in,Exact reserve,0.1136787424882798,0.0,0.7889562342342911,0.0326349065607094,0.7718567076821136,0.7718567076821136,0.0170995265521775,0.0170995265521775,True,True,0.1279288337179811,1.2663463627271554e-05,False,False,,,,20260930
lognormal,2000,10,Lognormal MLE,Exact reserve,0.0,,0.763112894489847,0.0064655692620834,0.7718567076821136,0.7718567076821136,-0.0087438131922665,-0.0087438131922665,True,True,0.025345031507367,2.7569757963252783e-06,False,False,1.559638378445527e-07,,True,20260930
